Wi-Fi Name,Wi-Fi Type,Location Description,Range in Metres,Install Date,Install Type,Column Number,Road,Easting,Northing,Longitude,Latitude,Location,Range,Last Uploaded
Public Wi-Fi on Lighting Column 10 FORTESS ROAD,Public Wi-Fi,BY 57,30,19/12/2014,Lighting Column,10,FORTESS ROAD,529010.73,185548.16,-0.140543,51.55408,POINT (-0.140543114119 51.554079374825),"POLYGON ((-0.140110577594 51.554079315273, -0.14014353945 51.553976132555, -0.140237332536 51.553888667596, -0.140377677541 51.553830236023, -0.140543208374 51.553809733392, -0.140708724858 51.553830280992, -0.140849029 51.553888750688, -0.140942760929 51.55397624112, -0.140975650645 51.554079432783, -0.140942690596 51.554182615733, -0.140848898259 51.554270081251, -0.140708552504 51.554328513383, -0.140543019862 51.554349016246, -0.140377501571 51.554328468414, -0.140237196681 51.554269998159, -0.140143465502 51.554182507168, -0.140110577594 51.554079315273))",29/10/2018 02:53:47 PM
Public Wi-Fi on Lighting Column 18 CHALK FARM ROAD,Public Wi-Fi,O/S NO. 47,30,24/10/2014,Lighting Column,18,CHALK FARM ROAD,528466.45,184295.76,-0.148846,51.542949,POINT (-0.148846440464 51.54294823641),"POLYGON ((-0.148414009463 51.54294820746, -0.148446944495 51.542845022213, -0.148540698774 51.542757550452, -0.148680998901 51.542699108838, -0.148846485613 51.542678594456, -0.149011965452 51.542699130385, -0.149152246004 51.542757590266, -0.149245970989 51.542845074232, -0.149278871464 51.542948263766, -0.14924593824 51.543051449244, -0.149152184708 51.543138921565, -0.149011883833 51.543197363737, -0.148846395313 51.543217878351, -0.148680913667 51.54319734219, -0.148540632367 51.54313888175, -0.148446908132 51.543051397224, -0.148414009463 51.54294820746))",29/10/2018 02:53:47 PM
Public Wi-Fi on Lighting Column 7 CAMDEN HIGH STREET,Public Wi-Fi,OPP INVENESS STREET,30,18/10/2018,Lighting Column,7,CAMDEN HIGH STREET,528861.56,183951.79,-0.143277,51.539768,POINT (-0.143277862182 51.53976703733),"POLYGON ((-0.142845461336 51.53976698786, -0.142878406663 51.53966380412, -0.14297216508 51.539576336761, -0.143112462556 51.539517901773, -0.143277940234 51.539497395233, -0.143443406029 51.539517939026, -0.143583669667 51.539576405595, -0.14367737744 51.539663894057, -0.143710263029 51.539767085207, -0.143677319508 51.539870269178, -0.143583561838 51.539957737097, -0.143443263613 51.540016172644, -0.143277784128 51.540036679415, -0.143112316526 51.54001613539, -0.142972052142 51.539957668262, -0.142878345117 51.539870179242, -0.142845461336 51.53976698786))",29/10/2018 02:53:47 PM
Public Wi-Fi on Lighting Column 1 ROYAL COLLEGE STREET,Public Wi-Fi,J/W ROYAL COLLEGE ST,30,19/12/2014,Lighting Column,1,ROYAL COLLEGE STREET,529076.81,184402.4,-0.14001,51.543768,POINT (-0.140010657468 51.543767495224),"POLYGON ((-0.139578218712 51.543767433712, -0.139611174318 51.543664250961, -0.139704947221 51.543576786273, -0.139845261184 51.543518355232, -0.14001075484 51.543497853314, -0.140176233672 51.543518401701, -0.14031650542 51.543576872135, -0.140410215144 51.543664363146, -0.140443096226 51.543767555141, -0.140410142426 51.543870738124, -0.140316370271 51.543958203372, -0.140176055559 51.544016634971, -0.140010560095 51.54403713712, -0.139845079456 51.544016588502, -0.13970480696 51.543958117508, -0.139611097986 51.543870625938, -0.139578218712 51.543767433712))",29/10/2018 02:53:47 PM
Public Wi-Fi on Lighting Column 16 NEW OXFORD STREET,Public Wi-Fi,FRONT OF N 78,30,24/10/2014,Lighting Column,16,NEW OXFORD STREET,529993.7,181427.4,-0.127893,51.516822,POINT (-0.127893566991 51.516821434274),"POLYGON ((-0.127461383483 51.516821328122, -0.12749434701 51.516718148298, -0.127588087769 51.516630692888, -0.127728334417 51.516572276064, -0.127893735835 51.516551791136, -0.12805911155 51.516572356699, -0.128199284997 51.516630841883, -0.128292916203 51.516718342969, -0.128325750502 51.516821538833, -0.128292788779 51.516924718888, -0.128199048766 51.517012174857, -0.128058801369 51.51707059224, -0.127893398145 51.517091077399, -0.127728020627 51.517070511604, -0.127587846433 51.517012025861, -0.127494215977 51.516924524216, -0.127461383483 51.516821328122))",29/10/2018 02:53:47 PM
Public Wi-Fi on Lighting Column 7 KILBURN HIGH ROAD,Public Wi-Fi,OPP 43,30,25/04/2014,Lighting Column,7,KILBURN HIGH ROAD,525530.1,183493.4,-0.191453,51.536398,POINT (-0.191453099705 51.536397357041),"POLYGON ((-0.19102073083 51.536397485101, -0.191053564786 51.536294287799, -0.19114722392 51.536206781916, -0.191287449317 51.536148289307, -0.191452893091 51.53612771482, -0.19161836832 51.536148190685, -0.191758683292 51.536206599687, -0.191852476486 51.536294049705, -0.191885468578 51.536397227389, -0.19185263643 51.536500424921, -0.191758978045 51.536587931363, -0.191618751903 51.536646424531, -0.191453306322 51.53666699925, -0.191287829286 51.536646523154, -0.191147513564 51.536588113594, -0.191053721116 51.536500663016, -0.19102073083 51.536397485101))",29/10/2018 02:53:47 PM
Public Wi-Fi on Lighting Column 8 EVERSHOLT STREET,Public Wi-Fi,O/S 64,30,24/10/2014,Lighting Column,8,EVERSHOLT STREET,529599.6,182826.6,-0.133055,51.529487,POINT (-0.13305573424 51.529486325449),"POLYGON ((-0.132623430808 51.529486238314, -0.13265639182 51.529383057264, -0.132750148703 51.529295597919, -0.13289042766 51.52923717505, -0.133055872655 51.529216682889, -0.133221296578 51.529237241131, -0.133361515527 51.52929572002, -0.133455182601 51.529383216797, -0.133488037674 51.529486410992, -0.133455078468 51.529589592274, -0.133361322331 51.529677052178, -0.133221042624 51.529735475605, -0.133055595823 51.529755967998, -0.132890170095 51.529735409524, -0.132749950399 51.529676930076, -0.132656284075 51.52958943274, -0.132623430808 51.529486238314))",29/10/2018 02:53:47 PM
Public Wi-Fi on Lighting Column 14 SOUTH END GREEN,Public Wi-Fi,O/S BUS STAND,30,19/12/2014,Lighting Column,14,SOUTH END GREEN,527288.41,185545.15,-0.165373,51.554444,POINT (-0.165373188986 51.554443043964),"POLYGON ((-0.164940649004 51.55444307592, -0.164973554947 51.55433988624, -0.165067301157 51.554252401449, -0.165207615462 51.554193940191, -0.165373136444 51.554173402543, -0.165538665424 51.554193915124, -0.165679002508 51.55425235513, -0.165772782811 51.554339825721, -0.165805728968 51.554443010415, -0.165772824834 51.554546200326, -0.165679079373 51.554633685676, -0.165538764319 51.554692147493, -0.165373241529 51.554712685373, -0.165207710741 51.554692172561, -0.165067372907 51.554633731996, -0.164973593353 51.554546260845, -0.164940649004 51.55444307592))",29/10/2018 02:53:47 PM
Public Wi-Fi on Lighting Column 44 HAVERSTOCK HILL,Public Wi-Fi,O/S GARAGE,30,19/12/2014,Lighting Column,44,HAVERSTOCK HILL,527211.81,185223.6,-0.166593,51.551571,POINT (-0.16659365912 51.551570570161),"POLYGON ((-0.166161146379 51.551570606614, -0.166194047488 51.551467416542, -0.166287785454 51.551379930733, -0.166428089359 51.551321467987, -0.166593599367 51.551300928608, -0.166759118471 51.551321439478, -0.166899448281 51.551379878053, -0.166993225018 51.551467347713, -0.16702617186 51.551570532114, -0.166993272559 51.551673722418, -0.166899535342 51.551761208786, -0.166759230689 51.551819672091, -0.166593718873 51.551840211703, -0.166428197961 51.551819700601, -0.166287867401 51.551761261466, -0.166194091413 51.551673791248, -0.166161146379 51.551570606614))",29/10/2018 02:53:47 PM
Public Wi-Fi on Lighting Column 33 KENTISH TOWN ROAD,Public Wi-Fi,O/S NO. 177,30,19/12/2014,Lighting Column,33,KENTISH TOWN ROAD,528938.85,184665.54,-0.141902,51.546164,POINT (-0.141902642442 51.546163805829),"POLYGON ((-0.141470180969 51.54616375129, -0.141503134028 51.54606056805, -0.14159690823 51.545973101885, -0.14173722714 51.545914668607, -0.141902728639 51.545894164029, -0.142068217015 51.545914709739, -0.142208498556 51.545973177889, -0.14230221683 51.546060667353, -0.142335103917 51.546163858775, -0.142302152665 51.546267042247, -0.142208379211 51.546354508971, -0.142068059551 51.546412942809, -0.141902556245 51.546433447617, -0.141737066061 51.546412901675, -0.141596783773 51.546354432967, -0.141503066248 51.546266942944, -0.141470180969 51.54616375129))",29/10/2018 02:53:47 PM
Public Wi-Fi on CCTV Column  FORTESS ROAD,Public Wi-Fi,CCTV COLUMN O/S 109,30,19/12/2014,CCTV Column,,FORTESS ROAD,529073.27,185693.36,-0.139588,51.55537,POINT (-0.139588293735 51.55536997419),"POLYGON ((-0.139155744971 51.555369911119, -0.139188709922 51.555266728691, -0.139282507493 51.555179264515, -0.139422857693 51.555120834097, -0.13958839364 51.555100332817, -0.139753914377 51.555120881759, -0.139894221265 51.555179352584, -0.139987954014 51.555266843759, -0.140020842501 51.555370035667, -0.139987879358 51.555473218326, -0.139894082535 51.555560683061, -0.139753731585 51.555619114039, -0.13958819383 51.55563961555, -0.139422671285 51.555619066376, -0.139282363649 51.555560594992, -0.139188631649 51.555473103258, -0.139155744971 51.555369911119))",29/10/2018 02:53:47 PM
Public Wi-Fi on Lighting Column 13 CAMDEN HIGH STREET,Public Wi-Fi,O/S NO. 218,30,24/10/2014,Lighting Column,13,CAMDEN HIGH STREET,528804.53,184031.62,-0.14407,51.540498,POINT (-0.144070541124 51.540497465265),"POLYGON ((-0.143638133355 51.540497418716, -0.143671077417 51.540394234767, -0.143764835816 51.540306766785, -0.143905134523 51.540248330856, -0.144070614493 51.540227823201, -0.144236083295 51.540248365874, -0.144376350193 51.540306831488, -0.144470060986 51.540394319306, -0.144502948894 51.540497510221, -0.144470006638 51.540600694402, -0.144376248987 51.540688162943, -0.144235949531 51.54074659943, -0.144070467753 51.540767107317, -0.143904997145 51.540746564413, -0.1437647295 51.540688098239, -0.143671019455 51.540600609863, -0.143638133355 51.540497418716))",29/10/2018 02:53:47 PM
Public Wi-Fi on Lighting Column 10 CAMDEN HIGH STREET,Public Wi-Fi,O/S 227,30,24/10/2014,Lighting Column,10,CAMDEN HIGH STREET,528832.11,183989.48,-0.143688,51.540113,POINT (-0.143688487187 51.540112469226),"POLYGON ((-0.143256083067 51.540112421269, -0.143289027715 51.54000923742, -0.143382786055 51.539921769737, -0.143523084067 51.539863334262, -0.143688562813 51.539842827144, -0.143854030046 51.539863370357, -0.143994295271 51.539921836432, -0.144088004542 51.54000932456, -0.144120891308 51.540112515589, -0.144087948466 51.54021569967, -0.143994190874 51.540303167911, -0.143853892113 51.540361603946, -0.143688411559 51.540382111295, -0.14352294252 51.54036156785, -0.143382676547 51.540303101217, -0.143288968026 51.540215612529, -0.143256083067 51.540112421269))",29/10/2018 02:53:47 PM
Public Wi-Fi on Lighting Column 21 FORTESS ROAD,Public Wi-Fi,"O/S NO 156, J/W DARTMOUTH PARK HILL",30,19/12/2014,Lighting Column,21,FORTESS ROAD,529143.56,185831.37,-0.138524,51.556595,POINT (-0.138524327615 51.55659417894),"POLYGON ((-0.138091767241 51.556594111948, -0.138124735484 51.556490929841, -0.138218537614 51.556403466534, -0.138358892945 51.5563450374, -0.138524433813 51.556324537626, -0.138689958514 51.556345088064, -0.138830267804 51.556403560148, -0.138924001028 51.556491052154, -0.13895688799 51.556594244339, -0.138923921555 51.556697426677, -0.138830120173 51.556784890544, -0.138689764092 51.556843320236, -0.138524221414 51.556863820243, -0.138358694906 51.556843269572, -0.138218384868 51.556784796929, -0.138124652394 51.556697304364, -0.138091767241 51.556594111948))",29/10/2018 02:53:47 PM
Public Wi-Fi on Lighting Column 10 HAMPSTEAD HIGH STREET,Public Wi-Fi,OPPOSITE FLASK WALK,30,24/10/2014,Lighting Column,10,HAMPSTEAD HIGH STREET,526408,185721.6,-0.178002,51.556227,POINT (-0.178002057621 51.556226541744),"POLYGON ((-0.177569500738 51.556226620242, -0.177602379392 51.556123427056, -0.177696105041 51.556035932206, -0.177836408643 51.555977455869, -0.178001930407 51.555956900417, -0.178167471539 51.55597739518, -0.178307830292 51.556035820066, -0.178401638483 51.556123280538, -0.178434614501 51.556226461652, -0.178401737657 51.55632965507, -0.178308012758 51.556417150479, -0.178167708408 51.556475627375, -0.178002184836 51.556496183059, -0.177836641895 51.556475688065, -0.177696282392 51.55641726262, -0.177602474949 51.556329801589, -0.177569500738 51.556226620242))",29/10/2018 02:53:47 PM
Public Wi-Fi on Lighting Column  KILBURN HIGH ROAD,Public Wi-Fi,O/S 182,30,25/04/2014,Lighting Column,,KILBURN HIGH ROAD,525151.81,183990.8,-0.196727,51.540952,POINT (-0.196727736489 51.540951470087),"POLYGON ((-0.196295324474 51.540951617587, -0.196328149774 51.540848418891, -0.196421808138 51.540760908865, -0.196562040766 51.540702409998, -0.196727498674 51.540681828089, -0.196892992786 51.540702296497, -0.197033328516 51.540760699144, -0.197127141184 51.540848144875, -0.1971601485 51.540951320994, -0.197127325008 51.541054519921, -0.197033667395 51.541142030505, -0.19689343402 51.541200529932, -0.196727974307 51.541221112073, -0.196562478387 51.541200643433, -0.196422141906 51.541142240228, -0.196328329984 51.541054793937, -0.196295324474 51.540951617587))",29/10/2018 02:53:47 PM
Public Wi-Fi on Lighting Column 22 MALDEN ROAD,Public Wi-Fi,OUTSIDE 133,30,24/10/2014,Lighting Column,22,MALDEN ROAD,528062.9,185115.6,-0.154364,51.550408,POINT (-0.154364337864 51.550407695499),"POLYGON ((-0.153931836146 51.550407686884, -0.153964764083 51.55030450022, -0.154058523113 51.550217024162, -0.154198839113 51.550158576026, -0.154364350406 51.550138053889, -0.154529859789 51.55015858201, -0.154670170352 51.55021703522, -0.154763921245 51.550304514667, -0.154796839582 51.550407702521, -0.154763913454 51.550510889416, -0.154670155172 51.550598366033, -0.154529838423 51.550656814729, -0.154364325322 51.550677337097, -0.154198814131 51.550656808744, -0.15405850282 51.550598354976, -0.153964752676 51.550510874969, -0.153931836146 51.550407686884))",29/10/2018 02:53:47 PM
Public Wi-Fi on Lighting Column 2 HIGHGATE ROAD,Public Wi-Fi,BY 7,30,19/12/2014,Lighting Column,2,HIGHGATE ROAD,528935.9,185327.9,-0.141702,51.552118,POINT (-0.141702540717 51.552117022101),"POLYGON ((-0.141270022799 51.552116966822, -0.141302980614 51.552013783744, -0.141396767441 51.551926317829, -0.141537104922 51.55186788485, -0.141702628112 51.551847380576, -0.141868137997 51.551867926548, -0.142008437589 51.551926394877, -0.142102167709 51.552013884412, -0.142135058635 51.552117075785, -0.142102102628 51.552220259096, -0.142008316549 51.55230772557, -0.141867978318 51.552366159108, -0.14170245332 51.552386663613, -0.141536941628 51.55236611741, -0.141396641287 51.552307648521, -0.141302911916 51.552220158427, -0.141270022799 51.552116966822))",29/10/2018 02:53:47 PM
Public Wi-Fi on Lighting Column 5 KENTISH TOWN ROAD,Public Wi-Fi,OPP LEVERTON PLACE,30,25/04/2014,Lighting Column,5,KENTISH TOWN ROAD,529000.94,185223.35,-0.140803,51.551163,POINT (-0.140803291118 51.551162600879),"POLYGON ((-0.140370782252 51.551162542287, -0.140403741411 51.551059359444, -0.140497527999 51.550971894233, -0.140637863696 51.55091346232, -0.140803383826 51.550892959311, -0.140968889843 51.550913506554, -0.141109185347 51.550971975968, -0.141202911781 51.551059466235, -0.141235799984 51.551162657877, -0.141202842633 51.551265840952, -0.141109056793 51.551353306722, -0.140968720346 51.551411739195, -0.140803198408 51.551432242435, -0.140637690583 51.55141169496, -0.140497394331 51.551353224987, -0.140403668646 51.55126573416, -0.140370782252 51.551162542287))",29/10/2018 02:53:47 PM
Public Wi-Fi on Lighting Column 11 REGENT'S PARK ROAD,Public Wi-Fi,FRONT OF N 109 B,30,19/12/2014,Lighting Column,11,REGENT'S PARK ROAD,527971.82,184202.86,-0.156009,51.542226,POINT (-0.156009013464 51.542225591528),"POLYGON ((-0.15557658931 51.542225588973, -0.155609507621 51.542122401704, -0.155703246683 51.542034924209, -0.155843535412 51.541976474024, -0.156009016282 51.541955949539, -0.156174496724 51.54197647537, -0.15631478423 51.542034926695, -0.156408521464 51.542122404951, -0.156441437617 51.542225592489, -0.156408521114 51.54232877999, -0.1563147828 51.542416258043, -0.156174493323 51.542474708787, -0.156009010645 51.542495233504, -0.155843528397 51.542474707442, -0.155703240142 51.542416255558, -0.155609503657 51.542328776742, -0.15557658931 51.542225588973))",29/10/2018 02:53:47 PM
Public Wi-Fi on Lighting Column 45 KENTISH TOWN ROAD,Public Wi-Fi,OPP 105,30,30/01/2015,Lighting Column,45,KENTISH TOWN ROAD,528976.4,184431.5,-0.141447,51.544052,POINT (-0.141447161987 51.544051943409),"POLYGON ((-0.141014720533 51.544051887191, -0.141047673096 51.543948704041, -0.14114144383 51.543861238209, -0.141281756828 51.543802805454, -0.14144725087 51.543782301511, -0.141612731381 51.543802847871, -0.141753005845 51.543861316586, -0.141846718907 51.543948806445, -0.141879603443 51.544051998033, -0.141846652686 51.544155181414, -0.141752882701 51.544242647805, -0.141612568953 51.54430108112, -0.141447073104 51.544321585294, -0.141281590786 51.544301038702, -0.141141315574 51.544242569428, -0.141047603261 51.54415507901, -0.141014720533 51.544051887191))",29/10/2018 02:53:47 PM
Shared Digital Guest at Pancras Square Library,Shared Digital Guest,"5 Pancras Square, N1C 4AG",10,25/12/2014,Library,,Pancras Square,530036.55,183301.12,-0.126585,51.533651,POINT (-0.126585048858 51.533650416228),"POLYGON ((-0.126440934571 51.533650379411, -0.126451927254 51.533615986332, -0.126483186451 51.5335868349, -0.126529953214 51.533567363142, -0.126585107746 51.533560535443, -0.126640253314 51.533567391253, -0.126686994547 51.533586886842, -0.126718215534 51.533616054198, -0.126729163146 51.533650452867, -0.126718170664 51.533684845971, -0.12668691155 51.533713997466, -0.126640144703 51.533733469286, -0.12658498997 51.533740297011, -0.126529844202 51.533733441175, -0.126483102886 51.533713945524, -0.126451881982 51.533684778106, -0.126440934571 51.533650379411))",29/10/2018 02:53:47 PM
Public Wi-Fi on Lighting Column 59 WEST END LANE,Public Wi-Fi,S/O NO. 236,30,19/12/2014,Lighting Column,59,WEST END LANE,525491.83,185116.34,-0.191426,51.550992,POINT (-0.191426097432 51.550991403296),"POLYGON ((-0.190993590228 51.550991531264, -0.191026434739 51.550888334228, -0.191120123881 51.550800828583, -0.191260394169 51.55074233615, -0.191425890884 51.55072176175, -0.191591419043 51.550742237599, -0.191731778878 51.550800646483, -0.191825602037 51.550888096302, -0.191858604635 51.550991273735, -0.191825761932 51.551094471002, -0.191732073541 51.551181977205, -0.191591802506 51.551240470198, -0.191426303984 51.55126104483, -0.191260774016 51.551240568751, -0.191120413431 51.551182159307, -0.191026591018 51.551094708929, -0.190993590228 51.550991531264))",29/10/2018 02:53:47 PM
Public Wi-Fi on Lighting Column 9 REGENT'S PARK ROAD,Public Wi-Fi,J/W KING HENERY ROAD,30,19/12/2014,Lighting Column,9,REGENT'S PARK ROAD,528015.5,184252.4,-0.155361,51.542661,POINT (-0.155361478994 51.542660910677),"POLYGON ((-0.154929050715 51.542660905736, -0.154961970804 51.542557718655, -0.155055712002 51.542470241685, -0.155196002899 51.542411792279, -0.15536148564 51.542391268708, -0.155526967368 51.54241179545, -0.155667255384 51.542470247545, -0.15576099227 51.542557726312, -0.155793907273 51.542660914024, -0.155760988991 51.542764101336, -0.155667248541 51.542851578865, -0.155526956896 51.54291002883, -0.155361472348 51.542930552633, -0.155195988812 51.542910025659, -0.155055700048 51.542851573005, -0.154961963911 51.542764093679, -0.154929050715 51.542660905736))",29/10/2018 02:53:47 PM
Shared Digital Guest at Highgate Library,Shared Digital Guest,"Chester Road, N19 5DH",10,21/12/2014,Library,,Chester Road,528739.04,186621.89,-0.144066,51.563791,POINT (-0.144066966112 51.563790708488),"POLYGON ((-0.143922756561 51.563790693143, -0.143933743329 51.563756298605, -0.143965012014 51.563727142666, -0.144011802225 51.563707664041, -0.144066990594 51.56370082816, -0.144122175236 51.563707675718, -0.144168954833 51.563727164243, -0.144200207633 51.563756326796, -0.144211175663 51.563790723656, -0.144200189097 51.56382511822, -0.144168920495 51.56385427422, -0.144122130201 51.563873752907, -0.144066941631 51.563880588814, -0.144011756788 51.56387374123, -0.143964977108 51.563854252644, -0.143933724391 51.563825090029, -0.143922756561 51.563790693143))",29/10/2018 02:53:47 PM
Public Wi-Fi on Lighting Column 1 PARLIAMENT HILL,Public Wi-Fi,SOUTH HILL PARK,30,19/12/2014,Lighting Column,1,PARLIAMENT HILL,527237.4,185633.9,-0.166076,51.555253,POINT (-0.166076478574 51.555252120388),"POLYGON ((-0.165643930919 51.555252154936, -0.165676835854 51.555148965073, -0.165770582378 51.555061479733, -0.165910898271 51.555003017642, -0.166076421872 51.554982479005, -0.166241954105 51.555002990591, -0.16638229458 51.555061429748, -0.166476077895 51.555148899765, -0.166509026228 51.555252084247, -0.166476123102 51.555355274341, -0.166382377327 51.555442760241, -0.166242060685 51.55550122289, -0.166076535276 51.55552176176, -0.165911001235 51.555501249942, -0.16577066001 51.555442810226, -0.165676877443 51.555355339649, -0.165643930919 51.555252154936))",29/10/2018 02:53:47 PM
Public Wi-Fi on Lighting Column  KILBURN HIGH ROAD,Public Wi-Fi,O/S 140,30,25/04/2014,Lighting Column,,KILBURN HIGH ROAD,525221.7,183902.5,-0.195751,51.540143,POINT (-0.195751877056 51.54014242021),"POLYGON ((-0.195319472706 51.540142564113, -0.195352299632 51.540039365676, -0.195445958207 51.539951856417, -0.1955861896 51.539893358708, -0.195751645014 51.539872778172, -0.195917135754 51.53989324796, -0.196057467746 51.539951651782, -0.19615127688 51.540039098306, -0.196184281403 51.540142274714, -0.196151456285 51.540245473382, -0.196057798461 51.540332983199, -0.195917566321 51.540391481468, -0.195752109101 51.540412062236, -0.195586616554 51.540391592217, -0.195446283811 51.540333187836, -0.195352475423 51.540245740753, -0.195319472706 51.540142564113))",29/10/2018 02:53:47 PM
Public Wi-Fi on Lighting Column 47 HAVERSTOCK HILL,Public Wi-Fi,O/S PUB,30,19/12/2014,Lighting Column,47,HAVERSTOCK HILL,527156.5,185308,-0.16736,51.552342,POINT (-0.16736048491 51.552341514737),"POLYGON ((-0.166927964859 51.552341554016, -0.166960864789 51.552238363742, -0.167054602869 51.552150877332, -0.167194908162 51.552092413678, -0.167360420622 51.552071873219, -0.167525942869 51.552092383005, -0.167666276033 51.552150820656, -0.167760055825 51.552238289691, -0.16779300496 51.552341473864, -0.167760106837 51.552444664369, -0.167666369507 51.552532151338, -0.167526063466 51.552590615551, -0.167360549198 51.552611156242, -0.167195025143 51.552590646225, -0.167054691229 51.552532208014, -0.166960912185 51.55244473842, -0.166927964859 51.552341554016))",29/10/2018 02:53:47 PM
Public Wi-Fi on Lighting Column 8 TOTTENHAM COURT ROAD,Public Wi-Fi,O/S NO 237-247,30,25/04/2014,Lighting Column,8,TOTTENHAM COURT ROAD,529712.23,181583.29,-0.13189,51.518288,POINT (-0.131890513512 51.518287030691),"POLYGON ((-0.131458316123 51.518286939266, -0.131491271677 51.518183758345, -0.131585007789 51.518096299762, -0.131725253825 51.518037878173, -0.13189065876 51.518017387614, -0.132056041582 51.518037947537, -0.132196224648 51.51809642793, -0.132289866518 51.518183925804, -0.132322710903 51.518287120523, -0.132289757154 51.518390301676, -0.132196021787 51.518477760818, -0.132055775002 51.518536182965, -0.131890368262 51.518556673755, -0.131724983636 51.518536113601, -0.131584799824 51.518477632649, -0.131491158703 51.518390134216, -0.131458316123 51.518286939266))",29/10/2018 02:53:47 PM
Public Wi-Fi on Lighting Column 48 KENTISH TOWN ROAD,Public Wi-Fi,O/S 91,30,19/12/2014,Lighting Column,48,KENTISH TOWN ROAD,528952.4,184369.3,-0.141815,51.543499,POINT (-0.141815846263 51.543498436731),"POLYGON ((-0.141383410054 51.543498381872, -0.141416361384 51.543395198609, -0.141510130273 51.543307732474, -0.141650441096 51.543249299272, -0.141815932965 51.543228794808, -0.141981411634 51.543249340649, -0.142121684868 51.543307808929, -0.142215397502 51.543395298502, -0.142248282472 51.543498489996, -0.142215332949 51.543601673491, -0.142121564808 51.543689140185, -0.141981253236 51.543747573946, -0.141815759559 51.543768078642, -0.141650279083 51.543747532569, -0.141510005101 51.54368906373, -0.141416293217 51.543601573598, -0.141383410054 51.543498381872))",29/10/2018 02:53:47 PM
Public Wi-Fi on Lighting Column 20 FLEET ROAD,Public Wi-Fi,OPP 136A,30,19/12/2014,Lighting Column,20,FLEET ROAD,527405,185471.4,-0.163719,51.553754,POINT (-0.163719101235 51.55375397937),"POLYGON ((-0.163286567787 51.553754005229, -0.163319476975 51.553650816001, -0.163413224942 51.553563332521, -0.163553539247 51.553504873234, -0.163719058473 51.553484337915, -0.163884584208 51.553504852832, -0.164024917053 51.553563294823, -0.164118692766 51.553650766746, -0.164151634683 51.553753951916, -0.164118727303 51.553857141376, -0.164024980086 51.553944625415, -0.163884665032 51.554003085261, -0.163719143998 51.554023620811, -0.163553616454 51.554003105664, -0.16341328286 51.553944663114, -0.163319507896 51.553857190631, -0.163286567787 51.553754005229))",29/10/2018 02:53:47 PM
Shared Digital Guest at West Hampstead Library,Shared Digital Guest,"Dennington Park Road, NW6 5AU",10,28/12/2014,Library,,Dennington Park Road,525475.71,185029.16,-0.191689,51.550212,POINT (-0.191689535163 51.550211488679),"POLYGON ((-0.19154536856 51.550211531836, -0.191556316144 51.550177132769, -0.191587545073 51.550147964085, -0.191634301006 51.550128466437, -0.191689465796 51.550121608154, -0.191744641146 51.550128433339, -0.191791427153 51.550147902927, -0.19182270109 51.550177052863, -0.191833701766 51.550211445346, -0.191822754383 51.550245844438, -0.191791525538 51.550275013185, -0.191744769521 51.550294510894, -0.191689604531 51.550301369204, -0.19163442898 51.550294543993, -0.191587642889 51.550275074343, -0.191556369035 51.550245924345, -0.19154536856 51.550211531836))",29/10/2018 02:53:47 PM
Public Wi-Fi on Lighting Column 21 ST PANCRAS WAY,Public Wi-Fi,NEAR JCT WITH GEORGIANA ST,30,24/10/2014,Lighting Column,21,ST PANCRAS WAY,529393.5,184003.1,-0.135593,51.540107,POINT (-0.135593086123 51.540106600888),"POLYGON ((-0.13516068207 51.540106523098, -0.135193645021 51.540003341523, -0.135287418866 51.53991588031, -0.135427727227 51.539857454515, -0.135593209589 51.539836958814, -0.135758673155 51.539857513442, -0.135898927988 51.539915989194, -0.135992621724 51.540003483787, -0.136025490178 51.540106677084, -0.135992529033 51.540209858891, -0.135898755935 51.540297320663, -0.135758446824 51.540355747016, -0.135592962655 51.540376242948, -0.135427497283 51.540355688088, -0.135287241702 51.540297211778, -0.135193548716 51.540209716626, -0.13516068207 51.540106523098))",29/10/2018 02:53:47 PM
Public Wi-Fi on Lighting Column 19 ST PANCRAS WAY,Public Wi-Fi,OUTSIDE FLATS,30,24/10/2014,Lighting Column,19,ST PANCRAS WAY,529402.4,184077.8,-0.135437,51.540776,POINT (-0.135437376934 51.540775882427),"POLYGON ((-0.135004966538 51.540775804064, -0.135037930325 51.540672622544, -0.135131705845 51.540585161466, -0.135272016463 51.540526735864, -0.135437501323 51.540506240385, -0.135602967245 51.540526795231, -0.135743223936 51.540585271162, -0.135836918747 51.540672765869, -0.135869787331 51.540775959197, -0.13583682535 51.540879140949, -0.135743050578 51.540966602586, -0.13560273921 51.541025028747, -0.135437252543 51.541045524457, -0.135271784814 51.54102496938, -0.135131527375 51.54096649289, -0.135037833314 51.540878997624, -0.135004966538 51.540775804064))",29/10/2018 02:53:47 PM
Public Wi-Fi on Lighting Column 2 EVERSHOLT STREET,Public Wi-Fi,O/S PUB,30,24/10/2014,Lighting Column,2,EVERSHOLT STREET,529702.81,182685.2,-0.13162,51.528192,POINT (-0.131620732197 51.528191911797),"POLYGON ((-0.131188441027 51.528191819375, -0.131221404347 51.528088638705, -0.13131516132 51.528001180487, -0.131455438136 51.527942759321, -0.131620879083 51.527922269179, -0.131786297669 51.527942829449, -0.131926510803 51.528001310066, -0.132020172471 51.528088808008, -0.132053023369 51.528192002627, -0.132020061854 51.528295183529, -0.131926305627 51.528382642306, -0.131786028062 51.52844106403, -0.131620585308 51.528461554404, -0.131455164918 51.528440993902, -0.131314951037 51.528382512726, -0.131221290118 51.528295014225, -0.131188441027 51.528191819375))",29/10/2018 02:53:47 PM
Public Wi-Fi on Lighting Column 60 KENTISH TOWN ROAD,Public Wi-Fi,OPP SAINSBURY CAR PARK,30,19/12/2014,Lighting Column,60,KENTISH TOWN ROAD,528932.4,184073.6,-0.142212,51.540846,POINT (-0.142212368687 51.540845574137),"POLYGON ((-0.141779957621 51.54084552074, -0.141812906137 51.540742337319, -0.141906668814 51.540654870827, -0.142046970971 51.540596437124, -0.142212453039 51.540575932091, -0.142377922266 51.540596477382, -0.142518187853 51.540654945214, -0.142611895798 51.540742434511, -0.142644779754 51.540845625941, -0.142611833045 51.540948809594, -0.142518071116 51.541036276645, -0.14237776821 51.541094710906, -0.142212284335 51.541115216171, -0.142046813301 51.541094670648, -0.141906546966 51.541036202257, -0.14181283977 51.540948712401, -0.141779957621 51.54084552074))",29/10/2018 02:53:47 PM
Public Wi-Fi on Lighting Column 20 PRINCE OF WALES ROAD,Public Wi-Fi,O/S NO 35,30,19/12/2014,Lighting Column,20,PRINCE OF WALES ROAD,528700.37,184699.17,-0.145327,51.546521,POINT (-0.145327643024 51.546520410906),"POLYGON ((-0.144895178166 51.546520368988, -0.144928123736 51.546417184792, -0.145021892104 51.546329715896, -0.145162207724 51.546271278526, -0.145327708977 51.546250769119, -0.145493200189 51.546271309998, -0.145633487216 51.54632977405, -0.145727212791 51.546417260773, -0.145760107882 51.54652045123, -0.145727164119 51.546623635657, -0.145633396499 51.546711105112, -0.14549308013 51.546769543042, -0.14532757707 51.54679005268, -0.14516208405 51.546769511569, -0.145021796275 51.546711046958, -0.14492807145 51.546623559676, -0.144895178166 51.546520368988))",29/10/2018 02:53:47 PM
Shared Digital Guest at Kentish Town Library,Shared Digital Guest,"262-266 Kentish Town Road, NW5 2AA",10,23/12/2014,Library,,KENTISH TOWN ROAD,529024.34,185093.37,-0.140513,51.54999,POINT (-0.140513628044 51.54998914631),"POLYGON ((-0.140369462131 51.549989126601, -0.140380448253 51.549954732314, -0.140411709746 51.549925577253, -0.140458487315 51.549906099998, -0.140513659517 51.549899265771, -0.140568826927 51.549906115015, -0.140615590852 51.549925605001, -0.140646831925 51.549954768569, -0.140657793958 51.549989165843, -0.140646808037 51.550023560155, -0.140615546627 51.550052715278, -0.140568768974 51.550072192595, -0.140513596572 51.550079026848, -0.140458428961 51.550072177578, -0.140411664953 51.55005268753, -0.140380423964 51.5500235239, -0.140369462131 51.549989126601))",29/10/2018 02:53:47 PM
Public Wi-Fi on Lighting Column 30 KENTISH TOWN ROAD,Public Wi-Fi,O/S 152,30,19/12/2014,Lighting Column,30,KENTISH TOWN ROAD,528954.73,184705.99,-0.141658,51.546524,POINT (-0.141658941606 51.546523701104),"POLYGON ((-0.141226476721 51.546523645666, -0.141259430591 51.5464204625, -0.141353206 51.546332996536, -0.14149352633 51.546274563553, -0.141659029244 51.54625405932, -0.141824518816 51.546274605373, -0.141964801151 51.54633307381, -0.142058519697 51.546420563463, -0.142091406492 51.546523754948, -0.142058454429 51.546626938345, -0.141964679768 51.546714404868, -0.141824358689 51.546772838411, -0.141658853967 51.546793342875, -0.141493362588 51.54677279659, -0.141353079505 51.546714327594, -0.141259361708 51.546626837382, -0.141226476721 51.546523645666))",29/10/2018 02:53:47 PM
Public Wi-Fi on Lighting Column 31 CHALK FARM ROAD,Public Wi-Fi,OPP ROUNDHOUSE,30,24/10/2014,Lighting Column,31,CHALK FARM ROAD,528261.44,184366.45,-0.151775,51.543631,POINT (-0.151775372298 51.54363009703),"POLYGON ((-0.151342934834 51.543630078873, -0.151375863733 51.543526892816, -0.151469613799 51.543439418725, -0.15160991227 51.543380973616, -0.151775400138 51.543360455107, -0.151940883769 51.543380986903, -0.15208117017 51.543439443275, -0.152174902172 51.543526924892, -0.152207809763 51.543630113592, -0.152174882671 51.543733299881, -0.152081133354 51.543820774531, -0.151940834134 51.543879220199, -0.151775344458 51.54389973894, -0.15160985902 51.543879206912, -0.151469571871 51.543820749981, -0.151375840618 51.543733267805, -0.151342934834 51.543630078873))",29/10/2018 02:53:47 PM
Public Wi-Fi on Lighting Column 23 ST PANCRAS WAY,Public Wi-Fi,NEAR JUNCT.,30,24/10/2014,Lighting Column,23,ST PANCRAS WAY,529417.71,183950.9,-0.135263,51.539632,POINT (-0.135263369626 51.539631941813),"POLYGON ((-0.134830970072 51.539631862809, -0.134863933425 51.539528681318, -0.134957706927 51.539441220361, -0.13509801425 51.539382794956, -0.135263495039 51.539362299718, -0.135428956735 51.539382854813, -0.135569209687 51.539441330963, -0.135662901816 51.539528825826, -0.135695769182 51.539632019224, -0.135662807635 51.539735200947, -0.13556903488 51.539822662462, -0.135428726808 51.539881088427, -0.135263244211 51.539901583895, -0.135097780709 51.539881028569, -0.13495752701 51.539822551859, -0.134863835631 51.539735056437, -0.134830970072 51.539631862809))",29/10/2018 02:53:47 PM
Public Wi-Fi on Lighting Column 8 FORTESS ROAD,Public Wi-Fi,BY CHURCH,30,24/10/2014,Lighting Column,8,FORTESS ROAD,528993.7,185500.5,-0.140806,51.553655,POINT (-0.140806084087 51.553654952059),"POLYGON ((-0.140373551586 51.553654893476, -0.140406512541 51.553551710677, -0.14050030425 51.553464245501, -0.140640647612 51.55340581361, -0.140806176786 51.553385310606, -0.140971691848 51.553405857837, -0.141111995021 51.553464327222, -0.141205726583 51.55355181745, -0.141238616588 51.553655009048, -0.141205657441 51.553758192079, -0.141111866481 51.553845657814, -0.140971522369 51.553904090264, -0.140805991386 51.553924593499, -0.140640474517 51.553904046037, -0.140500170595 51.553845576092, -0.140406439784 51.553758085305, -0.140373551586 51.553654893476))",29/10/2018 02:53:47 PM
Public Wi-Fi on Lighting Column 24 HIGH HOLBORN,Public Wi-Fi,FRONT OF 120,30,06/08/2014,Lighting Column,24,HIGH HOLBORN,530522.5,181541,-0.120234,51.517721,POINT (-0.120234719272 51.517720531691),"POLYGON ((-0.119802527273 51.517720397317, -0.119835508757 51.517617219664, -0.119929266031 51.51752977039, -0.120069525238 51.517471362733, -0.120234933349 51.517450888609, -0.120400308869 51.517471464968, -0.120540475265 51.517529959295, -0.120634093637 51.517617466481, -0.120666911272 51.517720664471, -0.120633931593 51.517823842357, -0.120540175065 51.51791129219, -0.120399915108 51.517969700405, -0.120234505191 51.517990174759, -0.120069127867 51.517969598169, -0.119928960725 51.517911103283, -0.119835343103 51.517823595538, -0.119802527273 51.517720397317))",29/10/2018 02:53:47 PM
Public Wi-Fi on Lighting Column 23 PRINCE OF WALES ROAD,Public Wi-Fi,O/S NO 16,30,24/10/2014,Lighting Column,23,PRINCE OF WALES ROAD,528802.06,184721.42,-0.143853,51.546698,POINT (-0.143853797823 51.546697195262),"POLYGON ((-0.143421331291 51.546697147913, -0.143454280322 51.546593964134, -0.14354805188 51.546506496419, -0.143688369931 51.546448060812, -0.143853872488 51.546427553485, -0.144019363678 51.546448096441, -0.144159649359 51.546506562253, -0.144253372471 51.546594050151, -0.144286264356 51.546697241018, -0.144253317132 51.546800425028, -0.144159546323 51.546887893303, -0.144019227522 51.546946329468, -0.143853723157 51.546966837027, -0.14368823016 51.546946293838, -0.14354794373 51.546887827468, -0.143454221368 51.54680033901, -0.143421331291 51.546697147913))",29/10/2018 02:53:47 PM
Public Wi-Fi on Lighting Column 3 EUSTON STREET,Public Wi-Fi,O/S 77-79,30,24/10/2014,Lighting Column,3,EUSTON STREET,529437.2,182539.6,-0.135501,51.526945,POINT (-0.135501010781 51.526944301001),"POLYGON ((-0.135068731419 51.526944222877, -0.135101685067 51.526841041095, -0.135195432042 51.526753579757, -0.135335700058 51.526695153939, -0.135501134741 51.52667465832, -0.135666550553 51.526695213122, -0.135806764826 51.526753689114, -0.135900431372 51.526841183977, -0.135933290145 51.526944377532, -0.135900338302 51.527047559546, -0.135806592073 51.527135021443, -0.135666323309 51.52719344782, -0.13550088682 51.52721394367, -0.135335469203 51.527193388636, -0.135195254182 51.527134912085, -0.135101588386 51.527047416663, -0.135068731419 51.526944222877))",29/10/2018 02:53:47 PM
Public Wi-Fi on Lighting Column 16 KENTISH TOWN ROAD,Public Wi-Fi,O/S 299,30,25/04/2014,Lighting Column,16,KENTISH TOWN ROAD,528989.29,185015.53,-0.141047,51.549298,POINT (-0.14104738445 51.54929761169),"POLYGON ((-0.140614893268 51.549297553998, -0.140647850526 51.549194371053, -0.140741632811 51.54910690562, -0.140881962457 51.549048473395, -0.141047475711 51.549027970036, -0.141212975071 51.549048516941, -0.141353265152 51.549106986081, -0.141446988223 51.549194476182, -0.141479875634 51.549297667789, -0.141446920183 51.549400850965, -0.141353138646 51.549488316958, -0.14121280825 51.549546749741, -0.141047293189 51.549567253332, -0.140881792021 51.549546706195, -0.140741501192 51.549488236495, -0.140647778871 51.549400745836, -0.140614893268 51.549297553998))",29/10/2018 02:53:47 PM
Public Wi-Fi on Lighting Column 69 WEST END LANE,Public Wi-Fi,S/O NO. 341,30,19/12/2014,Lighting Column,69,WEST END LANE,525381.57,185237.13,-0.192972,51.552102,POINT (-0.192972534536 51.552101449227),"POLYGON ((-0.19254001681 51.552101582894, -0.192572858621 51.551998385445, -0.192666547076 51.551910878582, -0.192806818793 51.551852384312, -0.192972318838 51.551831807735, -0.193137851721 51.551852281398, -0.193278216952 51.551910688422, -0.19337204536 51.551998136987, -0.19340505226 51.552101313965, -0.193372212258 51.552204511645, -0.193278524554 51.552292019066, -0.193138252089 51.552350513896, -0.192972750237 51.552371090706, -0.192807215546 51.552350616812, -0.192666849564 51.552292209229, -0.192573021902 51.552204760104, -0.19254001681 51.552101582894))",29/10/2018 02:53:47 PM
Public Wi-Fi on Lighting Column 18 PRINCE OF WALES ROAD,Public Wi-Fi,O/S NO 48,30,19/12/2014,Lighting Column,18,PRINCE OF WALES ROAD,528624.2,184695.6,-0.146426,51.546506,POINT (-0.146426821678 51.546505674004),"POLYGON ((-0.145994356958 51.546505636137, -0.146027300032 51.546402451632, -0.146121066262 51.546314981858, -0.146261380429 51.546256543173, -0.146426881134 51.546236032216, -0.146592372788 51.546256571545, -0.146732661178 51.546315034283, -0.14682638883 51.546402520129, -0.146859286398 51.546505710277, -0.146826345131 51.546608895014, -0.146732579649 51.546696365347, -0.146592264734 51.546754804591, -0.146426762221 51.546775315779, -0.14626126876 51.546754776219, -0.146120979621 51.546696312922, -0.146027252718 51.546608826517, -0.145994356958 51.546505636137))",29/10/2018 02:53:47 PM
Public Wi-Fi on Lighting Column 8 KENTISH TOWN ROAD,Public Wi-Fi,O/S 347,30,25/04/2014,Lighting Column,8,KENTISH TOWN ROAD,529003.11,185167.79,-0.140792,51.550663,POINT (-0.140792372327 51.550662797359),"POLYGON ((-0.140359868201 51.550662738727, -0.140392827023 51.550559555878, -0.140486612604 51.550472090669, -0.140626946777 51.550413658763, -0.140792465099 51.550393155768, -0.140957969297 51.550413703028, -0.14109826325 51.55047217246, -0.141191988637 51.550559662744, -0.141224876455 51.550662854398, -0.14119191944 51.550766037478, -0.141098134607 51.550853503247, -0.140957799684 51.550911935711, -0.140792279554 51.550932438938, -0.140626773548 51.550911891446, -0.140486478848 51.550853421455, -0.14039275421 51.550765930612, -0.140359868201 51.550662738727))",29/10/2018 02:53:47 PM
Public Wi-Fi on Lighting Column 6 EUSTON STREET,Public Wi-Fi,OPP 117,30,24/10/2014,Lighting Column,6,EUSTON STREET,529355.37,182493.01,-0.136697,51.526545,POINT (-0.136697055586 51.526544331935),"POLYGON ((-0.136264780009 51.526544258218, -0.136297730664 51.526441076093, -0.136391474527 51.526353613793, -0.136531739782 51.52629518654, -0.136697172479 51.526274689233, -0.136862587379 51.526295242351, -0.137002801957 51.526353716917, -0.137096469974 51.526441210831, -0.137129331163 51.526544404058, -0.137096382313 51.526647586416, -0.137002639198 51.526735049274, -0.136862373193 51.526793477086, -0.136696938691 51.526813974624, -0.136531521985 51.526793421275, -0.136391306661 51.526734946149, -0.136297639392 51.526647451677, -0.136264780009 51.526544258218))",29/10/2018 02:53:47 PM
Public Wi-Fi on Lighting Column 16 FORTESS ROAD,Public Wi-Fi,BY 109,30,19/12/2014,Lighting Column,16,FORTESS ROAD,529075.2,185697.9,-0.139558,51.555411,POINT (-0.139558805185 51.555410333334),"POLYGON ((-0.139126256038 51.555410270154, -0.139159221084 51.555307087736, -0.139253018795 51.555219623584, -0.139393369157 51.555161193201, -0.139558905263 51.555140691963, -0.139724426133 51.555161240947, -0.139864733108 51.555219711806, -0.139958465884 51.555307203004, -0.139991354333 51.555410394919, -0.139958391095 51.555513577569, -0.139864594132 51.555601042281, -0.139724243019 51.555659473222, -0.139558705105 51.555679974692, -0.139393182426 51.555659425476, -0.139252874704 51.555600954058, -0.139159142678 51.555513462301, -0.139126256038 51.555410270154))",29/10/2018 02:53:47 PM
Public Wi-Fi on Lighting Column 3 CAMDEN HIGH STREET,Public Wi-Fi,S/O STATION,30,24/10/2014,Lighting Column,3,CAMDEN HIGH STREET,528884.12,183898.75,-0.142972,51.539286,POINT (-0.142972153992 51.539285226377),"POLYGON ((-0.142539757712 51.53928517578, -0.142572703382 51.539181992118, -0.142666461395 51.539094524995, -0.142806757781 51.539036090368, -0.142972233849 51.539015584258, -0.14313769776 51.539036128483, -0.143277959524 51.539094595423, -0.143371665722 51.539182084136, -0.143404550272 51.53928527538, -0.143371606408 51.539388459274, -0.143277849143 51.539475926956, -0.143137552008 51.539534362142, -0.142972074133 51.539554868483, -0.142806608416 51.539534324026, -0.142666345904 51.539475856528, -0.142572640455 51.539388367256, -0.142539757712 51.53928517578))",29/10/2018 02:53:46 PM
Public Wi-Fi on Lighting Column 11 FORTESS ROAD,Public Wi-Fi,BY 86,30,19/12/2014,Lighting Column,11,FORTESS ROAD,529031.5,185569.4,-0.140235,51.554266,POINT (-0.140235909845 51.554265510972),"POLYGON ((-0.139803371555 51.554265450288, -0.139836334241 51.554162267659, -0.139930128298 51.554074802949, -0.14007047427 51.554016371745, -0.140236005916 51.553995869548, -0.140401522937 51.554016417581, -0.140541827258 51.554074887642, -0.14063555898 51.554162378316, -0.140668448136 51.554265570062, -0.140635487257 51.554368752923, -0.140541693948 51.554456218192, -0.140401347226 51.554514649955, -0.140235813771 51.554535152384, -0.140070294943 51.554514604119, -0.139929989874 51.554456133499, -0.139836258902 51.554368642266, -0.139803371555 51.554265450288))",29/10/2018 02:53:47 PM
Public Wi-Fi on Lighting Column 18 NEW OXFORD STREET,Public Wi-Fi,OPP CASTLE WOOD HOUSE,30,24/10/2014,Lighting Column,18,NEW OXFORD STREET,529935.5,181411.8,-0.128737,51.516695,POINT (-0.128737627478 51.516694615177),"POLYGON ((-0.128305445168 51.516694512136, -0.128338406696 51.516591332073, -0.128432145578 51.516503875986, -0.128572390756 51.516445458151, -0.128737791337 51.516424972032, -0.128903166972 51.516445536405, -0.129043341111 51.516504020582, -0.129136973674 51.516591520997, -0.12916980979 51.516694716626, -0.129136850066 51.516797896921, -0.12904311193 51.516885353567, -0.128902866003 51.51694377196, -0.128737463617 51.51696425831, -0.128572086177 51.516943693705, -0.128431911292 51.516885208969, -0.128338279478 51.516797707996, -0.128305445168 51.516694512136))",29/10/2018 02:53:47 PM
Public Wi-Fi on Lighting Column 17 CAMDEN HIGH STREET,Public Wi-Fi,O/S 232,30,24/10/2014,Lighting Column,17,CAMDEN HIGH STREET,528779.41,184069.44,-0.144418,51.540844,POINT (-0.144418728528 51.540843075972),"POLYGON ((-0.143986317483 51.540843030706, -0.144019261008 51.540739846665, -0.144113019449 51.54065237841, -0.144253318773 51.540593942069, -0.144418799841 51.540573433924, -0.144584270052 51.540593976104, -0.144724538458 51.540652441299, -0.144818250629 51.540739928834, -0.144851139573 51.540843119645, -0.144818197855 51.540946303918, -0.144724440162 51.541033772732, -0.144584140089 51.541092209632, -0.144418657214 51.541112718008, -0.144253185196 51.541092175596, -0.144112916042 51.541033709843, -0.14401920462 51.540946221749, -0.143986317483 51.540843030706))",29/10/2018 02:53:47 PM
Public Wi-Fi on Lighting Column 4 EVERSHOLT STREET,Public Wi-Fi,O/S EUSTON HOUSE,30,24/10/2014,Lighting Column,4,EVERSHOLT STREET,529667.01,182734.35,-0.132118,51.528642,POINT (-0.132118437909 51.528641828855),"POLYGON ((-0.131686142477 51.528641738266, -0.131719104997 51.528538557465, -0.131812861941 51.528451098856, -0.131953139503 51.528392677099, -0.132118581857 51.528372186257, -0.132284002297 51.528392745823, -0.132424217451 51.528451225841, -0.132517880996 51.528538723379, -0.132550733342 51.528641917851, -0.132517772628 51.528745098885, -0.13242401643 51.528832558053, -0.132283738119 51.528890980368, -0.132118293958 51.528911471441, -0.131952871713 51.528890911643, -0.131812655812 51.528832431066, -0.131718993017 51.528744932969, -0.131686142477 51.528641738266))",29/10/2018 02:53:47 PM
Public Wi-Fi on Lighting Column 2 KENTISH TOWN ROAD,Public Wi-Fi,O/S 312,30,19/12/2014,Lighting Column,2,KENTISH TOWN ROAD,528993.64,185269.64,-0.140891,51.551581,POINT (-0.140891556489 51.551580267938),"POLYGON ((-0.140459043662 51.551580209671, -0.140492002924 51.55147702681, -0.140585790201 51.551389561536, -0.14072612707 51.551331129521, -0.140891648677 51.551310626389, -0.141057156248 51.551331173506, -0.14119745315 51.55138964281, -0.141291180612 51.551477133001, -0.141324069316 51.551580324611, -0.141291111862 51.551683507703, -0.141197325333 51.551770973537, -0.141056987714 51.551829406111, -0.140891464299 51.551849909474, -0.14072595492 51.551829362125, -0.14058565727 51.551770892262, -0.140491930558 51.551683401512, -0.140459043662 51.551580209671))",29/10/2018 02:53:47 PM
Public Wi-Fi on Lighting Column 11 HAMPSTEAD HIGH STREET,Public Wi-Fi,O/S NO 55,30,24/10/2014,Lighting Column,11,HAMPSTEAD HIGH STREET,526382.5,185746.8,-0.17836,51.556459,POINT (-0.178360641352 51.556458721205),"POLYGON ((-0.177928082268 51.556458801025, -0.177960960278 51.556355607742, -0.178054685716 51.556268112609, -0.178194989572 51.556209635846, -0.178360512018 51.556189079889, -0.178526054153 51.556209574145, -0.178666414081 51.556267998601, -0.178760223436 51.556355458782, -0.178793200435 51.556458639792, -0.178760324234 51.556561833306, -0.178666599546 51.556649328998, -0.178526294942 51.55670780632, -0.178360770688 51.556728362509, -0.178195226744 51.556707868022, -0.178054866066 51.556649443008, -0.177961057458 51.556561982267, -0.177928082268 51.556458801025))",29/10/2018 02:53:47 PM
Public Wi-Fi on Lighting Column 1 EUSTON STREET,Public Wi-Fi,1ST FROM MELTON STREET,30,24/10/2014,Lighting Column,1,EUSTON STREET,529490.7,182574.54,-0.134717,51.527247,POINT (-0.134717386566 51.527246050516),"POLYGON ((-0.134285104347 51.527245969504, -0.134318059984 51.527142787947, -0.134411809081 51.52705532724, -0.134552079027 51.526996902362, -0.134717515155 51.526976407849, -0.134882931708 51.526996963755, -0.135023145904 51.527055440681, -0.135116811567 51.527142936165, -0.135149668785 51.527246129934, -0.135116714954 51.527349311723, -0.135022966603 51.527436772989, -0.134882695909 51.527495198426, -0.134717257974 51.52751569317, -0.134551839617 51.527495137031, -0.134411624673 51.527436659547, -0.134317959759 51.527349163504, -0.134285104347 51.527245969504))",29/10/2018 02:53:47 PM
Public Wi-Fi on Lighting Column 23 HIGH HOLBORN,Public Wi-Fi,FRONT OF N 113,30,28/07/2014,Lighting Column,23,HIGH HOLBORN,530553.62,181544.26,-0.119785,51.517743,POINT (-0.119785253695 51.51774264483),"POLYGON ((-0.119353061488 51.517742508801, -0.119386044003 51.517639331274, -0.119479802183 51.51755188236, -0.119620062034 51.517493475241, -0.119785470426 51.517473001751, -0.119950845824 51.517493578743, -0.120091011712 51.517552073607, -0.120184629268 51.517639581152, -0.120217445903 51.517742779267, -0.120184465192 51.517845957026, -0.120090707758 51.517933406499, -0.119950447158 51.517991814177, -0.11978503696 51.518012287897, -0.119619659758 51.517991710673, -0.119479493124 51.51793321525, -0.119385876318 51.517845707147, -0.119353061488 51.517742508801))",29/10/2018 02:53:47 PM
Public Wi-Fi on Lighting Column 27 HIGH HOLBORN,Public Wi-Fi,FRONT OF N 125,30,28/07/2014,Lighting Column,27,HIGH HOLBORN,530466.1,181525.9,-0.121052,51.517598,POINT (-0.121052703363 51.517597845892),"POLYGON ((-0.120620512524 51.517597714533, -0.12065349207 51.517494536648, -0.120747247525 51.517407086718, -0.120887505309 51.517348678082, -0.121052912609 51.517328202804, -0.121218288053 51.517348778009, -0.121358455121 51.51740727136, -0.121452074809 51.517494777895, -0.121484894205 51.517597975659, -0.121451916462 51.517701153777, -0.121358161753 51.517788604266, -0.121217903219 51.51784701346, -0.121052494114 51.517867488969, -0.120887116866 51.517846913531, -0.120746949052 51.517788419621, -0.120653330114 51.517700912528, -0.120620512524 51.517597714533))",29/10/2018 02:53:47 PM
Public Wi-Fi on Lighting Column 10 TOTTENHAM COURT ROAD,Public Wi-Fi,O/S NO 233,30,28/07/2014,Lighting Column,10,TOTTENHAM COURT ROAD,529673.7,181643.9,-0.132423,51.518841,POINT (-0.132423225623 51.518840562332),"POLYGON ((-0.131991022993 51.51884047287, -0.132023977742 51.518737291809, -0.132117713971 51.518649832808, -0.132257961026 51.518591410588, -0.132423367727 51.51857091928, -0.132588752794 51.518591478449, -0.132728938241 51.5186499582, -0.132822582267 51.518737455641, -0.132855428255 51.518840650201, -0.132822475309 51.518943831494, -0.132728739826 51.519031291053, -0.132588492022 51.519089713832, -0.132423083516 51.519110205371, -0.132257696645 51.51908964597, -0.132117510452 51.51903116566, -0.132023867175 51.518943667661, -0.131991022993 51.51884047287))",29/10/2018 02:53:47 PM
Public Wi-Fi on Lighting Column 17 REGENT'S PARK ROAD,Public Wi-Fi,OPP N 124,30,19/12/2014,Lighting Column,17,REGENT'S PARK ROAD,527862.81,184012.8,-0.157649,51.540543,POINT (-0.157649105697 51.540542205007),"POLYGON ((-0.157216697498 51.540542208497, -0.157249610885 51.540439020737, -0.157343343344 51.540351541907, -0.157483624796 51.540293089745, -0.157649098824 51.540272562941, -0.157814573897 51.540293086464, -0.157954858329 51.540351535845, -0.158048595249 51.540439012817, -0.158081513897 51.540542199924, -0.158048602317 51.540645387915, -0.157954870606 51.540732867304, -0.157814588405 51.540791320025, -0.157649112571 51.540811847061, -0.157483635691 51.540791323306, -0.15734335051 51.540732873366, -0.157249614339 51.540645395835, -0.157216697498 51.540542208497))",29/10/2018 02:53:47 PM
Public Wi-Fi on Lighting Column 20 ST PANCRAS WAY,Public Wi-Fi,FRONT OF THE CONSTITUTION PUB,30,24/10/2014,Lighting Column,20,ST PANCRAS WAY,529395.99,184030.5,-0.135547,51.540353,POINT (-0.135547134472 51.540352271111),"POLYGON ((-0.135114728091 51.540352193152, -0.135147691323 51.540249011595, -0.135241465762 51.540161550422, -0.135381774937 51.540103124685, -0.135547258211 51.540082629049, -0.135712722647 51.540103183741, -0.135852978176 51.540161659545, -0.135946672328 51.540249154171, -0.135979540855 51.540352347477, -0.135946579429 51.540455529266, -0.135852805737 51.540542990998, -0.135712495813 51.540601417294, -0.135547010731 51.540621913161, -0.135381544489 51.540601358237, -0.135241288212 51.540542881874, -0.13514759481 51.540455386689, -0.135114728091 51.540352193152))",29/10/2018 02:53:47 PM
Public Wi-Fi on Lighting Column 21 CAMDEN HIGH STREET,Public Wi-Fi,O/S 285,30,24/10/2014,Lighting Column,21,CAMDEN HIGH STREET,528739.18,184106.58,-0.144984,51.541187,POINT (-0.144984931519 51.541186017333),"POLYGON ((-0.144552517223 51.541185974154, -0.144585459715 51.54108278996, -0.144679217776 51.540995321258, -0.144819517429 51.540936884243, -0.144984999486 51.540916375301, -0.145150471196 51.540936916681, -0.145290741382 51.540995381196, -0.145384455343 51.541082868273, -0.145417345815 51.541186058919, -0.145384405129 51.541289243345, -0.145290647816 51.541376712607, -0.145150347414 51.54143515018, -0.14498486355 51.541455659354, -0.144819390034 51.541435117741, -0.144679119099 51.541376652668, -0.144585405888 51.541289165032, -0.144552517223 51.541185974154))",29/10/2018 02:53:47 PM
Public Wi-Fi on Lighting Column 27 MALDEN ROAD,Public Wi-Fi,OPPOSITE 157,30,24/10/2014,Lighting Column,27,MALDEN ROAD,527996.35,185158.75,-0.155307,51.550811,POINT (-0.155307952801 51.5508105613),"POLYGON ((-0.154875447263 51.550810556162, -0.154908373356 51.550707369241, -0.155002131405 51.550619892435, -0.155142447435 51.550561443175, -0.155307959765 51.550540919708, -0.155473471035 51.550561446498, -0.155613784046 51.550619898575, -0.155707537577 51.550707377262, -0.155740458339 51.550810564845, -0.155707534055 51.550913751997, -0.155613776754 51.551001229362, -0.155473459975 51.551059679182, -0.155307945837 51.55108020288, -0.15514243276 51.551059675859, -0.155002119 51.551001223223, -0.154908366218 51.550913743976, -0.154875447263 51.550810556162))",29/10/2018 02:53:47 PM
Public Wi-Fi on Lighting Column 17 SOUTHAMPTON ROW,Public Wi-Fi,JCT WITH COSMO PLACE,30,30/01/2015,Lighting Column,17,SOUTHAMPTON ROW,530309.31,181884.81,-0.123178,51.52086,POINT (-0.123178484818 51.520859463248),"POLYGON ((-0.122746263098 51.52085933972, -0.122779240199 51.520756161294, -0.122872998282 51.520668709714, -0.123013263367 51.520610298569, -0.12317868153 51.520589820305, -0.123344069746 51.520610392503, -0.123484249549 51.520668883282, -0.123577879997 51.520756388072, -0.123610706541 51.520859585183, -0.123577731244 51.520962763841, -0.123483973907 51.52105021598, -0.123343708072 51.521108627684, -0.123178288103 51.521129106178, -0.123012898083 51.521108533748, -0.122872717534 51.521050042411, -0.122779087835 51.520962537062, -0.122746263098 51.52085933972))",29/10/2018 02:53:47 PM
Public Wi-Fi on Lighting Column 62 WEST END LANE,Public Wi-Fi,S/O NO. 268,30,19/12/2014,Lighting Column,62,WEST END LANE,525449.39,185195.38,-0.192009,51.551712,POINT (-0.192009734208 51.551711174235),"POLYGON ((-0.19157722018 51.551711304354, -0.191610063889 51.551608107167, -0.191703753389 51.551520601068, -0.191844025142 51.551462107944, -0.192009524205 51.551441532723, -0.192175055239 51.551462007746, -0.192315418036 51.551520415925, -0.192409243795 51.551607865267, -0.192442248234 51.551711042522, -0.192409406334 51.55181423994, -0.192315717584 51.551901746598, -0.192175445085 51.551960240281, -0.192009944215 51.551980815734, -0.191844411372 51.551960340481, -0.191704047825 51.551901931743, -0.191610222812 51.551814481842, -0.19157722018 51.551711304354))",29/10/2018 02:53:47 PM
Public Wi-Fi on Lighting Column  KILBURN HIGH ROAD,Public Wi-Fi,O/S 82-84,30,25/04/2014,Lighting Column,,KILBURN HIGH ROAD,525353.08,183724.92,-0.193921,51.538518,POINT (-0.193921665277 51.538517353299),"POLYGON ((-0.193489276321 51.538517490457, -0.193522106218 51.538414292502, -0.193615764969 51.53832678468, -0.193755993714 51.538268289142, -0.193921444062 51.538247711182, -0.194086928086 51.538268183557, -0.194227252738 51.538326589585, -0.194321055022 51.538414037597, -0.19435405423 51.538517214548, -0.194321226141 51.538620412734, -0.19422756814 51.538707921114, -0.194087338648 51.538766417212, -0.193921886495 51.538786995404, -0.193756400663 51.538766522798, -0.193616075261 51.538708116212, -0.193522273723 51.53862066764, -0.193489276321 51.538517490457))",29/10/2018 02:53:47 PM
Public Wi-Fi on Lighting Column  KILBURN HIGH ROAD,Public Wi-Fi,S/O NO. 87,30,25/04/2014,Lighting Column,,KILBURN HIGH ROAD,525374.77,183671.69,-0.193628,51.538035,POINT (-0.193628035042 51.538034156225),"POLYGON ((-0.193195650664 51.5380342923, -0.193228480878 51.53793109442, -0.1933221392 51.537843586825, -0.193462366838 51.537785091633, -0.193627815565 51.537764514085, -0.193793297706 51.537784986876, -0.193933620495 51.53784339326, -0.194027421223 51.537930841514, -0.194060419418 51.538034018557, -0.194027591011 51.538137216668, -0.193933933439 51.538224724822, -0.193793705056 51.538283220573, -0.193628254522 51.538303798353, -0.193462770574 51.538283325331, -0.193322447034 51.538224918389, -0.193228647053 51.538137469575, -0.193195650664 51.5380342923))",29/10/2018 02:53:47 PM
Public Wi-Fi on Lighting Column 29 MALDEN ROAD,Public Wi-Fi,OPPOSITE 169,30,24/10/2014,Lighting Column,29,MALDEN ROAD,527965.57,185163.24,-0.15575,51.550858,POINT (-0.155750011958 51.550857885336),"POLYGON ((-0.155317505971 51.550857881826, -0.155350431098 51.550754694782, -0.155444188396 51.550667217624, -0.155584504006 51.550608767836, -0.155750016308 51.550588243746, -0.155915527949 51.550608769911, -0.156055841672 51.55066722146, -0.156149596148 51.550754699793, -0.156182517945 51.550857887251, -0.156149594626 51.550961074527, -0.156055838076 51.551048552244, -0.155915521718 51.551107002591, -0.155750007607 51.551127526913, -0.155584494159 51.551107000516, -0.155444179687 51.551048548408, -0.15535042596 51.550961069515, -0.155317505971 51.550857881826))",29/10/2018 02:53:47 PM
Public Wi-Fi on Lighting Column 63 WEST END LANE,Public Wi-Fi,S/O NO. 319,30,19/12/2014,Lighting Column,63,WEST END LANE,525430.77,185192.29,-0.192279,51.551688,POINT (-0.192279251198 51.551687540179),"POLYGON ((-0.191846737395 51.551687671292, -0.191879580477 51.551584474029, -0.191973269412 51.551496967714, -0.192113540746 51.551438474268, -0.192279039602 51.551417898667, -0.192444570671 51.55143837331, -0.19258493374 51.551496781167, -0.192678759968 51.551584230293, -0.192711764999 51.551687407473, -0.192678923726 51.551790604966, -0.192585235542 51.551878111841, -0.192444963461 51.551936605846, -0.192279462798 51.551957181679, -0.19211392992 51.551936706806, -0.1919735661 51.55187829839, -0.191879740619 51.551790848704, -0.191846737395 51.551687671292))",29/10/2018 02:53:47 PM
Public Wi-Fi on Lighting Column 42 HAVERSTOCK HILL,Public Wi-Fi,O/S 222,30,19/12/2014,Lighting Column,42,HAVERSTOCK HILL,527256.4,185197,-0.16596,51.551322,POINT (-0.1659604975 51.551321476587),"POLYGON ((-0.16552798712 51.551321510707, -0.165560889482 51.551218320808, -0.165654628151 51.5511308355, -0.165794932101 51.55107237351, -0.16596044149 51.551051835022, -0.166125959406 51.551072346786, -0.166266287638 51.551130786121, -0.166360062648 51.55121825629, -0.166393007878 51.551321440874, -0.166360107324 51.551424631005, -0.166266369405 51.551512116871, -0.166126064707 51.551570579421, -0.16596055351 51.551591118141, -0.165795033786 51.551570606145, -0.165654704804 51.551512166251, -0.165560930543 51.551424695523, -0.16552798712 51.551321510707))",29/10/2018 02:53:47 PM
Public Wi-Fi on Lighting Column 12 NEW OXFORD STREET,Public Wi-Fi,NEAR JCT WITH STEDHAM PLACE,30,24/10/2014,Lighting Column,12,NEW OXFORD STREET,530099.1,181455,-0.126365,51.517046,POINT (-0.126365205234 51.517045232324),"POLYGON ((-0.125933019611 51.517045120541, -0.125965986753 51.516941941151, -0.126059730899 51.516854486966, -0.126199980189 51.516796071971, -0.126365383104 51.516775589199, -0.126530758941 51.516796156917, -0.126670931118 51.516854643925, -0.126764559853 51.516942146228, -0.126797390859 51.517045342515, -0.126764425521 51.517148522137, -0.126670682121 51.517235976881, -0.126530432081 51.517294392434, -0.126365027361 51.517314875437, -0.12619964972 51.517294307488, -0.126059476798 51.517235819921, -0.125965848811 51.517148317059, -0.125933019611 51.517045120541))",29/10/2018 02:53:47 PM
Public Wi-Fi on Lighting Column 9 HAMPSTEAD HIGH STREET,Public Wi-Fi,O/S NO 35,30,24/10/2014,Lighting Column,9,HAMPSTEAD HIGH STREET,526448.38,185710.74,-0.177423,51.55612,POINT (-0.177423805358 51.556119902102),"POLYGON ((-0.176991249486 51.556119978469, -0.177024129372 51.556016785442, -0.177117855911 51.555929291052, -0.177258159926 51.555870815406, -0.177423681564 51.555850260769, -0.177589222049 51.555870756348, -0.177729579733 51.555929181927, -0.177823386595 51.556016642862, -0.177856361228 51.556119824141, -0.177823483152 51.556223017399, -0.177729757363 51.556310512348, -0.1775894526 51.556368988553, -0.177423929154 51.556389543423, -0.177258386861 51.556369047613, -0.177118028426 51.556310621475, -0.177024222312 51.55622315998, -0.176991249486 51.556119978469))",29/10/2018 02:53:47 PM
Public Wi-Fi on Lighting Column  TAVISTOCK SQUARE,Public Wi-Fi,BY BEDFORD WAY,30,24/10/2014,Lighting Column,,TAVISTOCK SQUARE,529895.1,182238.4,-0.129014,51.524133,POINT (-0.12901498037 51.524132434172),"POLYGON ((-0.128582727648 51.524132332149, -0.128615693924 51.52402915214, -0.12870944755 51.523941695943, -0.128849715225 51.523883277852, -0.129015142629 51.52386279137, -0.129180545331 51.523883355327, -0.129320742661 51.523941839099, -0.129414391007 51.524029339182, -0.129447233095 51.524132534602, -0.129414268624 51.524235714843, -0.129320515744 51.524323171598, -0.129180247319 51.524381590248, -0.129014818109 51.524402076961, -0.128849413602 51.524381512772, -0.128709215527 51.524323028441, -0.12861556793 51.5242355278, -0.128582727648 51.524132332149))",29/10/2018 02:53:47 PM
Public Wi-Fi on Lighting Column 39 HAVERSTOCK HILL,Public Wi-Fi,O/S 193,30,19/12/2014,Lighting Column,39,HAVERSTOCK HILL,527309,185121.7,-0.165229,51.550633,POINT (-0.165229487247 51.550632913811),"POLYGON ((-0.164796983396 51.550632945237, -0.164829886915 51.55052975553, -0.164923625571 51.550442270796, -0.16506392834 51.550383809673, -0.16522943556 51.550363272214, -0.165394950649 51.550383785011, -0.165535275826 51.550442225227, -0.165629048018 51.550529695991, -0.165661991097 51.550632880792, -0.165629089386 51.55073607073, -0.165535351479 51.550823556023, -0.165395047962 51.550882017706, -0.165229538934 51.550902555397, -0.165064022038 51.550882042368, -0.164923696111 51.550823601592, -0.164829924667 51.55073613027, -0.164796983396 51.550632945237))",29/10/2018 02:53:47 PM
Public Wi-Fi on Lighting Column 3 REGENT'S PARK ROAD,Public Wi-Fi,O/S 153 ADELAIDE TAVER,30,19/12/2014,Lighting Column,3,REGENT'S PARK ROAD,528155.15,184365.82,-0.153307,51.543649,POINT (-0.153307519149 51.543648553146),"POLYGON ((-0.152875081509 51.543648540636, -0.152908006957 51.54354535415, -0.153001754122 51.543457878835, -0.153142050687 51.543399431894, -0.153307537934 51.543378911224, -0.153473022321 51.543399440859, -0.153613310742 51.543457895399, -0.153707045719 51.543545375792, -0.153739956789 51.543648564062, -0.153707033149 51.543751750781, -0.153613286732 51.543839226655, -0.153472989418 51.543897674154, -0.153307500364 51.543918195056, -0.15314201417 51.543897665189, -0.153001725 51.54383921009, -0.152907990772 51.543751729138, -0.152875081509 51.543648540636))",29/10/2018 02:53:47 PM
Public Wi-Fi on Lighting Column 26 PRINCE OF WALES ROAD,Public Wi-Fi,J/W GRAFTON YARD,30,24/10/2014,Lighting Column,26,PRINCE OF WALES ROAD,528899.2,184715.6,-0.142455,51.546623,POINT (-0.142455801318 51.546622737138),"POLYGON ((-0.142023335493 51.546622684637, -0.142056287633 51.54651950125, -0.142150061718 51.54643203465, -0.142290381331 51.546373600715, -0.142455884246 51.546353095359, -0.142621374536 51.546373640287, -0.142761658197 51.546432107771, -0.142855378475 51.546519596786, -0.142888267144 51.546622788046, -0.142855316811 51.546725971665, -0.142761543475 51.546813438824, -0.142621223112 51.546871873318, -0.142455718389 51.546892378905, -0.142290226291 51.546871833745, -0.142149941883 51.546813365703, -0.142056222355 51.546725876128, -0.142023335493 51.546622684637))",29/10/2018 02:53:47 PM
Public Wi-Fi on Lighting Column 26 KENTISH TOWN ROAD,Public Wi-Fi,O/S 211,30,19/12/2014,Lighting Column,26,KENTISH TOWN ROAD,528957.35,184807.71,-0.141583,51.547438,POINT (-0.141583915125 51.547437249232),"POLYGON ((-0.14115144158 51.547437193518, -0.14118439628 51.54733401039, -0.141278173711 51.547246544499, -0.141418496947 51.547188111615, -0.141584003209 51.547167607491, -0.141749496061 51.547188153646, -0.141889781109 51.547246622164, -0.141983501388 51.547334111864, -0.142016388672 51.547437303353, -0.141983435779 51.547540486713, -0.141889659096 51.547627953163, -0.141749335111 51.547686386606, -0.141583827041 51.547706890961, -0.141418332381 51.547686344574, -0.141278046585 51.547627875497, -0.141184327056 51.547540385239, -0.14115144158 51.547437193518))",29/10/2018 02:53:47 PM
Public Wi-Fi on Lighting Column 35 ROYAL COLLEGE STREET,Public Wi-Fi,OPP FIRE GATE,30,19/12/2014,Lighting Column,35,ROYAL COLLEGE STREET,529014.7,184463.2,-0.140883,51.544329,POINT (-0.140883541724 51.544328083613),"POLYGON ((-0.140451097653 51.544328025319, -0.140484051691 51.544224842332, -0.140577824073 51.544137376954, -0.140718138642 51.544078944876, -0.140883633939 51.544058441729, -0.141049115198 51.544078988882, -0.141189389788 51.544137458268, -0.141283102337 51.544224948574, -0.141315985797 51.544328140314, -0.141283033566 51.544431323533, -0.141189261932 51.544518789469, -0.141048946614 51.544577222107, -0.140883449509 51.544597725485, -0.140717966443 51.5445771781, -0.140577691105 51.544518708155, -0.140483979305 51.54443121729, -0.140451097653 51.544328025319))",29/10/2018 02:53:47 PM
Public Wi-Fi on Lighting Column 1 GORDON SQUARE,Public Wi-Fi,"O/S NO 55-59, AT J/W TAVISTOCK SQUARE",30,24/10/2014,Lighting Column,1,GORDON SQUARE,529849.81,182205.7,-0.129679,51.523849,POINT (-0.129679487262 51.523848967653),"POLYGON ((-0.129247237222 51.523848868079, -0.129280201791 51.523745687878, -0.129373953562 51.523658231146, -0.129514219515 51.523599812258, -0.129679645594 51.523579324837, -0.129845047569 51.523599887858, -0.129985244879 51.523658370839, -0.130078893917 51.523745870395, -0.130111737304 51.523849065635, -0.130078774539 51.523952246068, -0.129985023515 51.524039703358, -0.129844756812 51.524098122805, -0.129679328927 51.524118610457, -0.129513925148 51.524098047203, -0.129373727091 51.524039563664, -0.129280078802 51.523952063549, -0.129247237222 51.523848868079))",29/10/2018 02:53:47 PM
Public Wi-Fi on Lighting Column 6 EVERSHOLT STREET,Public Wi-Fi,O/S 42,30,24/10/2014,Lighting Column,6,EVERSHOLT STREET,529633.01,182780.25,-0.132591,51.529063,POINT (-0.132591414846 51.529062123702),"POLYGON ((-0.132159115433 51.529062034856, -0.132192077187 51.528958853929, -0.132285834089 51.528871394948, -0.132426112337 51.52881297263, -0.132591556002 51.528792481122, -0.132756978178 51.52881304002, -0.13289719523 51.528871519469, -0.132990860543 51.528959016623, -0.133023714261 51.529062210956, -0.132990754312 51.529165392115, -0.132896998157 51.529252851654, -0.13275671916 51.52931127453, -0.132591273688 51.529331766269, -0.132425849707 51.529311207139, -0.132285631909 51.529252727132, -0.132191967344 51.529165229419, -0.132159115433 51.529062034856))",29/10/2018 02:53:47 PM
Shared Digital Guest at Queen's Crescent Library,Shared Digital Guest,"165 Queen's Crescent, NW5 4HH",10,26/12/2014,Library,,Queen's Crescent,528288.08,185113.14,-0.151119,51.550335,POINT (-0.151119319619 51.550334496358),"POLYGON ((-0.150975152612 51.550334489677, -0.150986130819 51.550300094399, -0.15101738577 51.550270936515, -0.151064159164 51.550251455034, -0.151119330194 51.550244615821, -0.151174499614 51.55025146008, -0.151221268424 51.550270945839, -0.151252516513 51.550300106581, -0.151263486627 51.550334502862, -0.151252508621 51.550368898165, -0.151221253753 51.550398056111, -0.151174480275 51.550417537654, -0.151119309045 51.550424376893, -0.151064139424 51.550417532609, -0.151017370531 51.550398046788, -0.150986122524 51.550368885983, -0.150975152612 51.550334489677))",29/10/2018 02:53:47 PM
Public Wi-Fi on Lighting Column 58 WEST END LANE,Public Wi-Fi,S/O NO. 224,30,19/12/2014,Lighting Column,58,WEST END LANE,525496.48,185085.06,-0.19137,51.55071,POINT (-0.191370209721 51.55070925316),"POLYGON ((-0.190937705191 51.550709380922, -0.190970549626 51.550606183897, -0.191064238296 51.550518678292, -0.191204507788 51.550460185923, -0.191370003504 51.550439611601, -0.191535530615 51.550460087529, -0.191675889509 51.550518496484, -0.191769711981 51.550605946352, -0.191802714248 51.550709123805, -0.191769871622 51.550812321061, -0.191676183702 51.550899827224, -0.191535913464 51.550958320153, -0.19137041594 51.550978894707, -0.191204887021 51.550958418548, -0.191064527376 51.550900009035, -0.190970705651 51.550812558607, -0.190937705191 51.550709380922))",29/10/2018 02:53:47 PM
Public Wi-Fi on Lighting Column 21 PRINCE OF WALES ROAD,Public Wi-Fi,O/S NO 26,30,24/10/2014,Lighting Column,21,PRINCE OF WALES ROAD,528734.5,184718.1,-0.144828,51.546683,POINT (-0.144828789131 51.546682757101),"POLYGON ((-0.144396322735 51.546682713345, -0.14442926955 51.546579529292, -0.144523039209 51.546492060797, -0.144663355967 51.546433624025, -0.144828858033 51.546413115323, -0.14499434961 51.546433656904, -0.145134636496 51.546492121551, -0.145228361448 51.54657960867, -0.145261255528 51.546682799264, -0.14522831052 51.546785983548, -0.14513454161 51.546873452602, -0.144994224102 51.546931889934, -0.144828720228 51.546952398867, -0.144663226844 51.546931857054, -0.14452293921 51.546873391848, -0.144429215007 51.54678590417, -0.144396322735 51.546682713345))",29/10/2018 02:53:47 PM
Public Wi-Fi on Lighting Column 17 TOTTENHAM COURT ROAD,Public Wi-Fi,AT J/W CHENIES ST,30,28/07/2014,Lighting Column,17,TOTTENHAM COURT ROAD,529567.84,181802.41,-0.133889,51.52029,POINT (-0.133889846466 51.520289339375),"POLYGON ((-0.133457630118 51.520289255317, -0.1334905826 51.520186073869, -0.133584318995 51.520098613719, -0.133724568624 51.520040189759, -0.133889979915 51.520019696388, -0.13405537089 51.520040253485, -0.134195562664 51.520098731468, -0.134289212471 51.520186227717, -0.134322062815 51.520289421841, -0.134289112138 51.52039260352, -0.134195376489 51.52048006423, -0.134055126111 51.520538488748, -0.133889713015 51.52055898235, -0.133724320235 51.520538425021, -0.133584127715 51.520479946479, -0.133490478657 51.520392449672, -0.133457630118 51.520289255317))",29/10/2018 02:53:47 PM
Public Wi-Fi on Lighting Column 23 CHALK FARM ROAD,Public Wi-Fi,S/O NO. 60,30,24/10/2014,Lighting Column,23,CHALK FARM ROAD,528379.35,184321.4,-0.150092,51.543199,POINT (-0.150092409215 51.543198457761),"POLYGON ((-0.149659975842 51.543198433403, -0.149692908237 51.543095247811, -0.149786660641 51.543007775058, -0.149926959941 51.542949331957, -0.150092447001 51.542928815819, -0.150257928308 51.54294934999, -0.150398211226 51.543007808378, -0.150491939114 51.543095291346, -0.150524842588 51.543198480526, -0.150491912 51.54330166635, -0.150398160344 51.543389139662, -0.150257860295 51.543447583322, -0.150092371428 51.543468099691, -0.149926888313 51.543447565289, -0.149786604648 51.543389106341, -0.149692877509 51.543301622814, -0.149659975842 51.543198433403))",29/10/2018 02:53:47 PM
Public Wi-Fi on CCTV Column  POND STREET,Public Wi-Fi,"J/W FLEET ROAD, SOUTH SIDE",30,19/12/2014,CCTV Column,,POND STREET,527313.32,185509.17,-0.165027,51.554115,POINT (-0.16502709503 51.554114082942),"POLYGON ((-0.164594558167 51.554114113622, -0.164627464656 51.554010924034, -0.164721210854 51.553923439514, -0.164861524591 51.553864978667, -0.165027044534 51.553844441505, -0.165192572165 51.553864954576, -0.165332907793 51.553923394999, -0.165426686755 51.554010865872, -0.165459631892 51.554114050668, -0.165426727212 51.554217240488, -0.165332981763 51.554304725567, -0.165192667278 51.554363186973, -0.165027145526 51.554383724367, -0.164861616087 51.554363211065, -0.164721279709 51.554304770083, -0.164627501495 51.554217298651, -0.164594558167 51.554114113622))",29/10/2018 02:53:47 PM
Shared Digital Guest at Holborn Library,Shared Digital Guest,"32-38 Theobalds Road, WC1X 8PA",10,22/12/2014,Library,,Theobalds Road,530840.01,181926.84,-0.115518,51.521115,POINT (-0.115518075323 51.521114625093),"POLYGON ((-0.115374000618 51.521114574685, -0.115384998617 51.521080182571, -0.115416256294 51.521051034025, -0.115463014934 51.521031566636, -0.115518155975 51.521024744123, -0.115573284738 51.521031605148, -0.115620008412 51.521051105187, -0.115651213758 51.521080275549, -0.115662150028 51.521114675324, -0.11565115223 51.521149067465, -0.115619894635 51.521178216073, -0.115573135912 51.521197683524, -0.11551799467 51.521204506062, -0.115462865707 51.521197645011, -0.11541614195 51.52117814491, -0.115384936687 51.521148974486, -0.115374000618 51.521114574685))",29/10/2018 02:53:47 PM
Public Wi-Fi on Lighting Column 22 CHALK FARM ROAD,Public Wi-Fi,O/S PH,30,24/10/2014,Lighting Column,22,CHALK FARM ROAD,528698.7,184162.6,-0.145547,51.541699,POINT (-0.145547845508 51.541698686106),"POLYGON ((-0.145115426354 51.541698645001, -0.145148367943 51.541595460658, -0.145242125978 51.541507991513, -0.145382426487 51.541449553831, -0.14554791015 51.541429044097, -0.145713383973 51.541449584682, -0.145853656456 51.541508048518, -0.145947372549 51.541595535138, -0.145980264664 51.541698725618, -0.145947324881 51.541801910193, -0.145853567594 51.541889379896, -0.145713266336 51.541947818137, -0.145547780866 51.541968328103, -0.145382305236 51.541947787286, -0.145242032005 51.541889322891, -0.145148316661 51.541801835712, -0.145115426354 51.541698645001))",29/10/2018 02:53:47 PM
Public Wi-Fi on Lighting Column 14 FORTESS ROAD,Public Wi-Fi,BY 99,30,24/10/2014,Lighting Column,14,FORTESS ROAD,529051.61,185644.27,-0.139918,51.554934,POINT (-0.139918551489 51.554933760159),"POLYGON ((-0.139486006861 51.554933698305, -0.139518970749 51.554830515777, -0.139612766789 51.55474305133, -0.139753115224 51.554684620513, -0.139918649439 51.554664118766, -0.140084168742 51.554684667244, -0.140224474711 51.554743137677, -0.140318207198 51.554830628595, -0.140351096117 51.554933820418, -0.140318134038 51.555037003178, -0.140224338745 51.555124468184, -0.14008398956 51.555182899561, -0.139918453537 51.555203401539, -0.139752932426 51.555182852829, -0.139612625709 51.555124381836, -0.139518893972 51.555036890359, -0.139486006861 51.554933698305))",29/10/2018 02:53:47 PM
Public Wi-Fi on Lighting Column 19 FORTESS ROAD,Public Wi-Fi,BY 138,30,19/12/2014,Lighting Column,19,FORTESS ROAD,529120.45,185777.97,-0.138877,51.55612,POINT (-0.138877090244 51.556119566126),"POLYGON ((-0.138444534371 51.556119500434, -0.138477501473 51.556016318219, -0.13857130195 51.555928854623, -0.138711655368 51.555870425063, -0.138877194355 51.555849924789, -0.139042717492 51.555870474732, -0.139183025775 51.555928946399, -0.1392767587 51.55601643813, -0.139309646118 51.556119630224, -0.139276680824 51.55622281267, -0.139182881095 51.556310276826, -0.139042526927 51.556368706945, -0.138876986131 51.556389207451, -0.138711461186 51.556368657276, -0.138571152156 51.55631018505, -0.13847741998 51.556222692759, -0.138444534371 51.556119500434))",29/10/2018 02:53:47 PM
Shared Digital Guest at Swiss Cottage Library,Shared Digital Guest,"88 Avenue Road, NW3 3HA",10,27/12/2014,Library,,Avenue Road,526774.46,184187.39,-0.173271,51.542357,POINT (-0.173271326251 51.542356476992),"POLYGON ((-0.173127184457 51.542356497523, -0.173138144044 51.542322100128, -0.173169379371 51.542292936306, -0.173216135125 51.542273445971, -0.173271293185 51.542266596336, -0.173326456278 51.54227343019, -0.173373226368 51.542292907147, -0.17340448315 51.542322062029, -0.173415468046 51.542356456285, -0.173404508659 51.542390853705, -0.173373273415 51.542420017589, -0.173326517578 51.542439507987, -0.173271359318 51.542446357648, -0.173216196024 51.542439523768, -0.173169425851 51.542420046749, -0.173138169152 51.542390891804, -0.173127184457 51.542356497523))",29/10/2018 02:53:47 PM
Public Wi-Fi on Lighting Column 12 SOUTH END ROAD,Public Wi-Fi,O/S NO 11,30,19/12/2014,Lighting Column,12,SOUTH END ROAD,527265.56,185543.03,-0.165703,51.55443,POINT (-0.165703364986 51.554429140138),"POLYGON ((-0.165270825136 51.55442917331, -0.165303730322 51.554325983537, -0.165397475871 51.554238498482, -0.16553778971 51.55418003683, -0.165703310492 51.554159498715, -0.16586883957 51.554180010831, -0.166009177035 51.554238450442, -0.166102957942 51.55432592077, -0.166135904836 51.554429105371, -0.166103001459 51.554532295375, -0.16600925666 51.554619780989, -0.165868942072 51.554678243201, -0.165703419482 51.554698781547, -0.165537888595 51.5546782692, -0.165397550381 51.55461982903, -0.165303770222 51.554532358143, -0.165270825136 51.55442917331))",29/10/2018 02:53:47 PM
Public Wi-Fi on Lighting Column 15 REGENT'S PARK ROAD,Public Wi-Fi,FRONT OF N 73,30,19/12/2014,Lighting Column,15,REGENT'S PARK ROAD,527881.4,184090.5,-0.157352,51.541237,POINT (-0.157352973618 51.541236286207),"POLYGON ((-0.156920558841 51.541236288605, -0.156953473398 51.541133100941, -0.157047207851 51.541045622358, -0.157187491816 51.540987170557, -0.157352968494 51.540966644172, -0.157518445952 51.540987168111, -0.157658732139 51.541045617839, -0.157752469916 51.541133095037, -0.157785388395 51.541236282215, -0.157752475645 51.541339470111, -0.15765874194 51.541426949253, -0.157518457227 51.541485401613, -0.157352978742 51.541505928229, -0.157187499477 51.541485404058, -0.157047212542 51.541426953771, -0.156953475513 51.541339476014, -0.156920558841 51.541236288605))",29/10/2018 02:53:47 PM
Public Wi-Fi on Lighting Column 27 CHALK FARM ROAD,Public Wi-Fi,OPP. NO. 100,30,24/10/2014,Lighting Column,27,CHALK FARM ROAD,528305.37,184345.52,-0.151149,51.543433,POINT (-0.151149853514 51.543432026651),"POLYGON ((-0.150717417927 51.54343200619, -0.150750348099 51.543328820305, -0.150844098956 51.543241346711, -0.150984397619 51.543182902348, -0.151149885051 51.543162384719, -0.151315367682 51.543182917398, -0.151455652673 51.54324137452, -0.151549383068 51.54332885664, -0.151582289102 51.543432045519, -0.151549360737 51.543535231636, -0.151455610628 51.543622705789, -0.151315311216 51.543681150711, -0.151149821977 51.543701668571, -0.150984337539 51.54368113566, -0.1508440518 51.543622677979, -0.150750322154 51.5435351953, -0.150717417927 51.54343200619))",29/10/2018 02:53:47 PM
Shared Digital Guest at Kilburn Library,Shared Digital Guest,"12-22 Kilburn High Road, NW6 5UH",10,24/12/2014,Library,,Kilburn High Road,525547.24,183487.84,-0.191208,51.536344,POINT (-0.191208083212 51.536343580908),"POLYGON ((-0.191063960424 51.536343623471, -0.191074905047 51.536309224367, -0.191106124795 51.536280055742, -0.191152866726 51.536260558241, -0.191208014823 51.536253700168, -0.191263173332 51.536260525598, -0.191309944913 51.536279995425, -0.191341209035 51.536309145558, -0.191352206001 51.536343538169, -0.191341261579 51.536377937298, -0.191310041914 51.536407105985, -0.1912632999 51.536426603548, -0.191208151602 51.536433461647, -0.191152992892 51.536426636192, -0.191106221228 51.536407166303, -0.191074957189 51.536378016107, -0.191063960424 51.536343623471))",29/10/2018 02:53:47 PM
Public Wi-Fi on Lighting Column 7 POND STREET,Public Wi-Fi,OUTSIDE 33,30,19/12/2014,Lighting Column,7,POND STREET,527237.81,185494.6,-0.16612,51.554001,POINT (-0.166120918637 51.554000157131),"POLYGON ((-0.165688382856 51.554000191842, -0.165721286787 51.553897001945, -0.165815030653 51.553809516549, -0.165955342638 51.553751054394, -0.166120861675 51.553730515689, -0.166286389384 51.553751027217, -0.166426726064 51.553809466333, -0.166520506889 51.553896936334, -0.166553454418 51.554000120825, -0.166520552295 51.554103310954, -0.166426809179 51.554190796908, -0.166286496446 51.554249259623, -0.166120975601 51.55426979856, -0.165955446083 51.5542492868, -0.165815108654 51.554190847125, -0.165721328577 51.554103376565, -0.165688382856 51.554000191842))",29/10/2018 02:53:47 PM
Public Wi-Fi on CCTV Column  PRINCE OF WALES ROAD,Public Wi-Fi,CCTV COLUMN AT J/W ANGLERS LANE,30,19/12/2014,CCTV Column,,PRINCE OF WALES ROAD,528832.26,184723.67,-0.143417,51.546711,POINT (-0.143417686457 51.546710529945),"POLYGON ((-0.142985219799 51.546710480988, -0.143018169826 51.546607297332, -0.143111942247 51.546519829965, -0.143252260899 51.546461394881, -0.1434177637 51.546440888168, -0.143583254742 51.54646143174, -0.143723539905 51.546519898073, -0.143817262208 51.546607386319, -0.143850153116 51.546710577307, -0.143817204896 51.546813761195, -0.143723433223 51.546901229121, -0.143583113822 51.546959664765, -0.143417609213 51.546980171708, -0.143252116364 51.546959627905, -0.143111830453 51.546901161013, -0.143018108899 51.546813672208, -0.142985219799 51.546710480988))",29/10/2018 02:53:47 PM
Public Wi-Fi on Lighting Column 13 REGENT'S PARK ROAD,Public Wi-Fi,FRONT OF N 93,30,19/12/2014,Lighting Column,13,REGENT'S PARK ROAD,527924.6,184153,-0.156707,51.541789,POINT (-0.156707672686 51.541788193586),"POLYGON ((-0.156275252678 51.541788193606, -0.156308169093 51.541685006133, -0.156401905917 51.541597528074, -0.156542192406 51.541539077049, -0.156707671375 51.541518551577, -0.156873150545 51.541539076424, -0.157013437601 51.541597526918, -0.157107175276 51.541685004623, -0.157140092694 51.541788191972, -0.157107178086 51.541891379677, -0.15701344201 51.541978858295, -0.156873154773 51.542037309879, -0.156707673996 51.542057835582, -0.15654219302 51.542037310504, -0.156401905215 51.541978859451, -0.156308168289 51.541891381187, -0.156275252678 51.541788193606))",29/10/2018 02:53:47 PM
Public Wi-Fi on Lighting Column 29 HIGH HOLBORN,Public Wi-Fi,FRONT OF N 130,30,28/07/2014,Lighting Column,29,HIGH HOLBORN,530409.78,181509.45,-0.12187,51.517464,POINT (-0.121870030204 51.517463003683),"POLYGON ((-0.121437840638 51.517462875335, -0.12147081824 51.517359697217, -0.121564571853 51.517272246632, -0.121704828178 51.517213837017, -0.121870234622 51.517193360586, -0.122035609946 51.51721393464, -0.122175777647 51.517272427015, -0.122269398625 51.5173599329, -0.122302219772 51.517463130437, -0.122269243974 51.517566308788, -0.122175491106 51.517653759932, -0.122035234032 51.517712170105, -0.121869825782 51.517732646767, -0.121704448654 51.517712072481, -0.121564280208 51.517653579547, -0.121470659979 51.517566073103, -0.121437840638 51.517462875335))",29/10/2018 02:53:47 PM
Public Wi-Fi on Lighting Column 12 FORTESS ROAD,Public Wi-Fi,BY 77,30,24/10/2014,Lighting Column,12,FORTESS ROAD,529031.64,185599.82,-0.140222,51.554539,POINT (-0.140222738565 51.554538858024),"POLYGON ((-0.139790197682 51.554538797292, -0.139823160596 51.554435614671, -0.139916955241 51.554348149976, -0.140057302071 51.554289718791, -0.140222834715 51.554269216613, -0.140388352722 51.554289764663, -0.140528657867 51.554348234737, -0.140622390125 51.554435725418, -0.140655279448 51.554538917163, -0.140622318343 51.554642100015, -0.140528524446 51.55472956527, -0.140388176866 51.554787997014, -0.140222642413 51.554808499423, -0.140057122598 51.554787951141, -0.139916816705 51.554729480508, -0.139823085197 51.554641989268, -0.139790197682 51.554538797292))",29/10/2018 02:53:47 PM
Public Wi-Fi on Lighting Column 2 FORTESS ROAD,Public Wi-Fi,BY 3,30,19/12/2014,Lighting Column,2,FORTESS ROAD,528973.2,185338,-0.141161,51.5522,POINT (-0.141161152061 51.552199274246),"POLYGON ((-0.140728633364 51.552199216972, -0.140761592464 51.552096034047, -0.140855380497 51.552008568566, -0.140995718925 51.551950136235, -0.141161242657 51.551929632726, -0.141326752596 51.55195017946, -0.141467051748 51.552008648436, -0.141560780999 51.552096138402, -0.141593670759 51.552199329926, -0.141560713467 51.552302513083, -0.141466926182 51.552389979123, -0.141326587004 51.552448412013, -0.141161061464 51.552468915754, -0.140995549717 51.552448368787, -0.140855249817 51.552389899252, -0.140761521316 51.552302408727, -0.140728633364 51.552199216972))",29/10/2018 02:53:47 PM
Public Wi-Fi on Lighting Column 14 TOTTENHAM COURT ROAD,Public Wi-Fi,BY 217-219,30,28/07/2014,Lighting Column,14,TOTTENHAM COURT ROAD,529606.2,181746.74,-0.133357,51.519781,POINT (-0.133357733128 51.519780248439),"POLYGON ((-0.132925521601 51.51978016242, -0.132958474917 51.519676981113, -0.133052211286 51.51958952138, -0.133192460032 51.519531098052, -0.133357869717 51.519510605429, -0.133523258609 51.519531163278, -0.133663448138 51.519589641902, -0.133757095881 51.519677138583, -0.133789944657 51.519780332865, -0.133756993144 51.519883514404, -0.133663257522 51.519970974696, -0.133523008027 51.520029398583, -0.133357596536 51.520049891436, -0.13319220584 51.520029333356, -0.133052015565 51.519970854172, -0.132958368571 51.519883356933, -0.132925521601 51.51978016242))",29/10/2018 02:53:47 PM
Public Wi-Fi on Lighting Column 66 KENTISH TOWN ROAD,Public Wi-Fi,O/S 11,30,19/10/2018,Lighting Column,66,KENTISH TOWN ROAD,528921.63,183945.07,-0.142414,51.539693,POINT (-0.142414635298 51.539692943826),"POLYGON ((-0.141982235155 51.539692891175, -0.142015182381 51.539589707676, -0.142108942301 51.539502241005, -0.142249240654 51.539443807049, -0.142414718451 51.539423301726, -0.142580183589 51.539443846736, -0.142720445893 51.539502314338, -0.142814151859 51.53958980349, -0.142847035442 51.539692994883, -0.142814090023 51.539796178614, -0.142720330851 51.539883645844, -0.142580031748 51.539942080359, -0.142414552144 51.539962585913, -0.142249085199 51.539942040671, -0.142108822148 51.53988357251, -0.142015116931 51.539796082799, -0.141982235155 51.539692891175))",29/10/2018 02:53:47 PM
Public Wi-Fi on Lighting Column  KILBURN HIGH ROAD,Public Wi-Fi,O/S 206,30,25/04/2014,Lighting Column,,KILBURN HIGH ROAD,525099.81,184056.5,-0.197453,51.541554,POINT (-0.197453822991 51.541553441692),"POLYGON ((-0.197021405274 51.541553591868, -0.197054229364 51.541450392979, -0.197147887571 51.541362882384, -0.197288121118 51.541304382654, -0.19745358088 51.541283799723, -0.197619077502 51.541304267106, -0.197759416013 51.541362668877, -0.197853231311 51.541450114019, -0.197886240705 51.541553289923, -0.197853418422 51.541656489042, -0.197759760967 51.541744000196, -0.197619526673 51.541802500485, -0.197454065104 51.541823083648, -0.197288566675 51.541802616035, -0.197148227413 51.541744213705, -0.197054412862 51.541656768003, -0.197021405274 51.541553591868))",29/10/2018 02:53:47 PM
Public Wi-Fi on Lighting Column 22 KENTISH TOWN ROAD,Public Wi-Fi,O/S 204,30,19/12/2014,Lighting Column,22,KENTISH TOWN ROAD,528985.36,184888.35,-0.14115,51.548156,POINT (-0.141150637778 51.548155557287),"POLYGON ((-0.140718157423 51.548155499975, -0.140751113622 51.548052316981, -0.140844893361 51.547964851448, -0.140985219361 51.547906419089, -0.141150728424 51.547885915579, -0.141316223688 51.547906462343, -0.141456510389 51.547964931371, -0.141550231312 51.548052421406, -0.141583118134 51.548155613004, -0.141550163741 51.54825879623, -0.141456384751 51.548346262323, -0.141316058001 51.548404695241, -0.14115054713 51.548425198982, -0.140985050059 51.548404651986, -0.14084476261 51.548346182399, -0.140751042436 51.548258691805, -0.140718157423 51.548155499975))",29/10/2018 02:53:47 PM
Public Wi-Fi on Lighting Column 53 KENTISH TOWN ROAD,Public Wi-Fi,OPP 61,30,19/12/2014,Lighting Column,53,KENTISH TOWN ROAD,528956.6,184264.6,-0.141793,51.542557,POINT (-0.141793659773 51.5425565504),"POLYGON ((-0.141361232492 51.54255649546, -0.141394183191 51.542453312186, -0.141487950186 51.542365846055, -0.141628258141 51.54230741287, -0.141793746603 51.542286908433, -0.141959221847 51.542307454309, -0.142099492157 51.542365922625, -0.142193202813 51.54245341223, -0.142226087055 51.542556603747, -0.142193138163 51.542659787252, -0.142099371915 51.542747253943, -0.141959063211 51.542805687686, -0.141793572941 51.542826192354, -0.141628095891 51.542805646246, -0.141487824833 51.542747177372, -0.141394114926 51.542659687208, -0.141361232492 51.54255649546))",29/10/2018 02:53:47 PM
Public Wi-Fi on Lighting Column 13 LAMB'S CONDUIT STREET,Public Wi-Fi,OPP PUB,30,28/07/2014,Lighting Column,13,LAMB'S CONDUIT STREET,530575.81,182137,-0.119246,51.523065,POINT (-0.119246095832 51.523064366487),"POLYGON ((-0.118813853248 51.523064228468, -0.118846840831 51.522961051187, -0.118940610976 51.522873602784, -0.119080887868 51.522815196364, -0.119246315784 51.522794723655, -0.119411710215 51.52281530139, -0.119551891749 51.522873796846, -0.119645519181 51.522961304741, -0.119678338419 51.523064502913, -0.119645352641 51.523167680426, -0.119551583241 51.523255129388, -0.119411305599 51.523313536366, -0.119245875877 51.523334009306, -0.119080479642 51.52331343134, -0.118940297362 51.523254935324, -0.11884667068 51.52316742687, -0.118813853248 51.523064228468))",29/10/2018 02:53:47 PM
Public Wi-Fi on Lighting Column 5 FORTESS ROAD,Public Wi-Fi,BY 28-34,30,19/12/2014,Lighting Column,5,FORTESS ROAD,528990.34,185418.62,-0.140884,51.55292,POINT (-0.140884529323 51.552919878365),"POLYGON ((-0.140452003793 51.552919820071, -0.140484964039 51.552816637237, -0.140578754085 51.552729171988, -0.140719095085 51.552670739995, -0.140884621556 51.552650236878, -0.141050133986 51.552670784, -0.141190434999 51.552729253299, -0.1412841652 51.552816743476, -0.141317054854 51.552919935064, -0.141284096416 51.553023118131, -0.141190307118 51.553110583939, -0.141049965368 51.553169016491, -0.140884437088 51.553189519839, -0.140718922851 51.553168972485, -0.14057862109 51.553110502626, -0.140484891638 51.553023011891, -0.140452003793 51.552919820071))",29/10/2018 02:53:47 PM
Public Wi-Fi on CCTV Column  KENTISH TOWN ROAD,Public Wi-Fi,CCTV COLUMN ON TRAFFIC ISLAND O/S 151,30,19/12/2014,CCTV Column,,KENTISH TOWN ROAD,528963.7,184574.33,-0.141577,51.545339,POINT (-0.141577883783 51.545338439898),"POLYGON ((-0.141145430134 51.545338384161, -0.141178383332 51.545235200998, -0.141272156459 51.545147735081, -0.141412473246 51.545089302182, -0.141577971897 51.54506879806, -0.141743457133 51.54508934423, -0.14188373572 51.545147812776, -0.141977451676 51.545235302512, -0.142010337434 51.54533849404, -0.141977386043 51.545441677436, -0.141883613664 51.545529143912, -0.141743296127 51.54558757737, -0.141577795669 51.545608081723, -0.141412308625 51.545587535321, -0.141272029291 51.545529066216, -0.141178314085 51.545441575921, -0.141145430134 51.545338384161))",29/10/2018 02:53:47 PM
Shared Digital Guest at Camden Town Library,Shared Digital Guest,"218 Eversholt Street, NW1 1BD",10,20/12/2014,Library,,EVERSHOLT STREET,529292.57,183347.74,-0.137288,51.534241,POINT (-0.137288186159 51.534240055749),"POLYGON ((-0.137144070002 51.534240032079, -0.137155054761 51.534205638001, -0.137186307524 51.53417648372, -0.137233070325 51.534157007698, -0.137288223968 51.534150174968, -0.137343371855 51.534157025746, -0.137390118264 51.534176517069, -0.137421346495 51.534205681574, -0.137432302315 51.534240079241, -0.137421317757 51.534274473345, -0.137390065077 51.534303627688, -0.137343302193 51.534323103772, -0.137288148349 51.534329936528, -0.137233000261 51.534323085724, -0.13718625377 51.534303594338, -0.137155025622 51.534274429772, -0.137144070002 51.534240032079))",29/10/2018 02:53:47 PM
Public Wi-Fi on Lighting Column 24 TOTTENHAM COURT ROAD,Public Wi-Fi,OPP WHITEFIELD MEMORIAL CHURCH SOUTH OF J/W TORRINGTON PLACE,30,28/07/2014,Lighting Column,24,TOTTENHAM COURT ROAD,529489.34,181913.56,-0.134979,51.521307,POINT (-0.134979819552 51.521306214286),"POLYGON ((-0.134547593576 51.521306134243, -0.134580544329 51.521202952508, -0.134674280723 51.521115491501, -0.134814532082 51.521057066249, -0.134979946568 51.521036571344, -0.135145341717 51.521057126901, -0.135285538009 51.521115603572, -0.135379191991 51.521203098935, -0.13541204553 51.521306292735, -0.135379096581 51.521409474703, -0.135285360933 51.521496936268, -0.135145108826 51.521555362079, -0.134979692534 51.521575857215, -0.13481429558 51.521555301427, -0.134674098542 51.521496824197, -0.134580445309 51.521409328275, -0.134547593576 51.521306134243))",29/10/2018 02:53:47 PM
Public Wi-Fi on Lighting Column 14 SOUTHAMPTON ROW,Public Wi-Fi,O/S 108,30,30/01/2015,Lighting Column,14,SOUTHAMPTON ROW,530350.2,181833.2,-0.122608,51.520387,POINT (-0.122608538393 51.520386227839),"POLYGON ((-0.122176321154 51.520386102211, -0.122209299201 51.520282923937, -0.122303057404 51.520195472805, -0.122443321764 51.520137062337, -0.122608738468 51.520116584875, -0.122774124713 51.520137157878, -0.122914302333 51.520195649343, -0.123007930719 51.520283154594, -0.123040755634 51.520386351874, -0.123007779392 51.52048953038, -0.122914021935 51.52057698207, -0.122773756824 51.520635393097, -0.122608338315 51.520655870789, -0.122442950266 51.520635297554, -0.1223027719 51.520576805531, -0.122209144264 51.520489299721, -0.122176321154 51.520386102211))",29/10/2018 02:53:47 PM
Public Wi-Fi on CCTV Column  KENTISH TOWN ROAD,Public Wi-Fi,S/O NO. 20,30,19/12/2014,CCTV Column,,KENTISH TOWN ROAD,528938.66,184016.94,-0.142142,51.540335,POINT (-0.142142897479 51.540334947486),"POLYGON ((-0.141710491252 51.540334893833, -0.141743439556 51.540231710422, -0.141837201316 51.540144243978, -0.141977501992 51.540085810353, -0.14214298224 51.540065305416, -0.142308449583 51.540085850807, -0.142448713512 51.540144318727, -0.142542420275 51.540231808087, -0.142575303706 51.540334999545, -0.142542357209 51.540438183188, -0.142448596196 51.540525650191, -0.142308294772 51.540584084375, -0.142142812717 51.540604589543, -0.141977343566 51.54058404392, -0.14183707889 51.540525575441, -0.141743372876 51.540438085523, -0.141710491252 51.540334893833))",29/10/2018 02:53:47 PM
Public Wi-Fi on Lighting Column 25 MALDEN ROAD,Public Wi-Fi,OUTSIDE PUB,30,24/10/2014,Lighting Column,25,MALDEN ROAD,528028.58,185148.49,-0.154847,51.550712,POINT (-0.154847091383 51.550711052859),"POLYGON ((-0.154414586788 51.550711046023, -0.154447513852 51.550607859229, -0.15454127258 51.55052038279, -0.154681588895 51.55046193408, -0.154847101071 51.550441411263, -0.155012611772 51.550461938702, -0.155152923887 51.550520391332, -0.155246676329 51.550607870389, -0.155279595977 51.550711058102, -0.155246670722 51.550814245127, -0.155152912742 51.550901722125, -0.155012595679 51.550960171395, -0.154847081695 51.550980694443, -0.154681569185 51.550960166772, -0.154541256322 51.550901713584, -0.154447504629 51.550814233967, -0.154414586788 51.550711046023))",29/10/2018 02:53:47 PM
Public Wi-Fi on CCTV Column 2 ROSSLYN HILL,Public Wi-Fi,CCTV COLUMN OPP 1,30,19/12/2014,CCTV Column,2,ROSSLYN HILL,527109.6,185347.88,-0.168022,51.552711,POINT (-0.168022174234 51.552710466105),"POLYGON ((-0.167589650685 51.552710507823, -0.167622549385 51.55260731737, -0.167716286954 51.552519830437, -0.167856592534 51.552461365995, -0.168022106034 51.552440824605, -0.168187629918 51.552461333456, -0.168327965065 51.552519770312, -0.168421746885 51.552607238813, -0.168454697783 51.552710422793, -0.168421800891 51.552813613477, -0.168328064072 51.552901100969, -0.168187757744 51.55295956597, -0.168022242435 51.552980107592, -0.167856716744 51.55295959851, -0.167716380847 51.552901161095, -0.167622599775 51.552813692035, -0.167589650685 51.552710507823))",29/10/2018 02:53:47 PM
Public Wi-Fi on Lighting Column 14 KENTISH TOWN ROAD,Public Wi-Fi,OPP ISLIP STREET,30,25/04/2014,Lighting Column,14,KENTISH TOWN ROAD,528995.49,185060.39,-0.140941,51.5497,POINT (-0.14094157471 51.549699347483),"POLYGON ((-0.140509079718 51.549699289401, -0.140542037507 51.549596106493, -0.140635820821 51.54950864115, -0.140776151838 51.549450209057, -0.140941666597 51.549429705847, -0.141107167367 51.549450252901, -0.141247458548 51.549508722164, -0.141341182241 51.549596212342, -0.141374069703 51.549699403972, -0.141341113722 51.549802587111, -0.141247331156 51.549890053014, -0.141106999388 51.549948485666, -0.140941482822 51.549968989107, -0.140775980245 51.549948441822, -0.140635688316 51.549889972, -0.140541965371 51.549802481262, -0.140509079718 51.549699289401))",29/10/2018 02:53:47 PM
